ID,No.,Type,Rarity,Name,Level,Total Exp,Current Exp,Required Exp,Link,MOD,Max HP,HP,Damage,Accuracy,Evasion,Rate of Fire,Move Speed,Armor,Rounds,Crit.Damage,Skill1,Skill2,Equip1,Equip2,Equip3,Affection,Oathed,Oathed Datetime,Locked
65802508,20002,HG,★★★★,M1911 Mod,120,30283300,-,-,x5,Mod3,375,375,29,52,78,58,15,0,0,20,10,10,RMR T4 Red Dot Sight,XM261 ACP,IOP X4 Exoskeleton,200,Oathed,2019-12-21 17:35,Locked
65802509,20005,HG,★★★★,M1895 Mod,120,30283300,-,-,x5,Mod3,360,360,35,48,100,45,15,0,0,20,10,10,M1895 Suppressor,,,200,Oathed,2020-07-08 23:13,Locked
65804787,90,HG,★★,FF FNP9,100,3263300,-,-,x5,,300,300,28,53,83,61,15,0,0,20,10,0,,,,100,,,Locked
65804810,10,HG,★★,PPK,100,3263300,-,-,x5,,285,285,25,59,100,63,15,0,0,20,10,0,PPK Suppressor,,,150,Oathed,2022-05-30 17:58,Locked
65804862,20071,AR,★★★★,Galil Mod,120,30283300,-,-,x5,Mod3,635,635,54,49,44,66,10,0,0,20,10,1,,,,100,,,Locked
65804931,20029,SMG,★★★★,STEN MkⅡ Mod,120,30283300,-,-,x5,Mod3,975,975,29,17,79,86,12,0,0,5,10,1,,,,100,,,Locked
65805098,25,SMG,★★,MP40,100,3263300,-,-,x5,,925,925,29,13,58,76,12,0,0,5,10,0,,,,100,,,Locked
65806278,20037,RF,★★★★,M14 Mod,120,30283300,-,-,x5,Mod3,430,430,111,74,28,44,7,0,0,40,10,10,,,,200,Oathed,2019-12-21 17:36,Locked
65866383,168,HG,★★★★,Spitfire,100,3263300,-,-,x5,,350,350,33,60,71,59,15,0,0,20,10,0,,,,100,,,Locked
65870125,10,HG,★★,PPK,100,3263300,-,-,x5,,285,285,25,59,100,63,15,0,0,20,1,0,,,,100,,,Locked
65870693,9,HG,★★,P38,100,3263300,-,-,x5,,330,330,28,49,81,57,15,0,0,20,1,0,,,,100,,,Locked
65870812,139,HG,★★,Bren Ten,100,3263300,-,-,x5,,350,350,31,51,63,58,15,0,0,20,1,0,,,,100,,,Locked
65872044,92,SMG,★★,Spectre M4,100,3263300,-,-,x5,,880,880,25,12,66,88,12,0,0,5,1,0,,,,100,,,Locked
65873181,20091,HG,★★★★,MP-446 Mod,120,30283300,-,-,x5,Mod3,340,340,31,57,80,60,15,0,0,20,10,10,,,,200,Oathed,2020-07-08 23:14,Locked
65873519,27,SMG,★★★,Skorpion,100,3263300,-,-,x5,,795,795,24,13,83,95,12,0,0,5,10,0,,,,100,,,Locked
65885425,17,SMG,★★,M3,100,3263300,-,-,x5,,925,925,30,13,67,68,12,0,0,5,1,0,,,,100,,,Locked
65918596,13,HG,★★★,Type92,100,3263300,-,-,x5,,315,315,31,46,80,61,15,0,0,20,1,0,,,,100,,,Locked
65919674,11,HG,★★★,P08,100,3263300,-,-,x5,,350,350,31,46,80,55,15,0,0,20,1,0,,,,100,,,Locked
65957173,46,RF,★★★★★,Kar98k,100,3263300,-,-,x5,,420,420,135,78,41,34,7,0,0,40,10,0,,PM 5-25X56,,150,Oathed,2020-04-03 23:04,Locked
65957184,20095,RF,★★★★,Type88 Mod,120,30283300,-,-,x5,Mod3,520,520,118,69,39,37,7,0,0,40,10,10,Magnetic Accelerated Rounds,Acceleration Coil,,200,Oathed,2020-11-11 19:58,Locked
66043922,34,RF,★★★,M1 Garand,100,3263300,-,-,x5,,440,440,120,62,28,37,7,0,0,40,1,0,,,,100,,,Locked
66043951,18,SMG,★★★,Ingram,100,3263300,-,-,x5,,880,880,28,11,68,91,12,0,0,5,10,0,,,,100,,,Locked
66048419,77,MG,★★★,M2HB,100,3263300,-,-,x5,,1075,1075,102,18,16,100,4,0,10,5,10,0,,,,100,,,Locked
66048465,70,AR,★★★,FF FNC,100,3263300,-,-,x5,,550,550,51,46,37,73,10,0,0,20,10,0,,,,100,,,Locked
66098440,21,SMG,★★,PPSh-41,100,3263300,-,-,x5,,970,970,26,11,56,93,12,0,0,5,1,0,,,,100,,,Locked
66098458,20001,HG,★★★★★,SAA Mod,120,30283300,-,-,x5,Mod3,415,415,37,51,80,50,15,0,0,20,10,10,SAA Long Barrel,,,200,Oathed,2020-05-26 20:07,Locked
66106031,141,HG,★★,Gr USPCompact,100,3263300,-,-,x5,,330,330,24,60,86,64,15,0,0,20,1,0,,,,100,,,Locked
66303296,20012,HG,★★★★,C96 Mod,120,30283300,-,-,x5,Mod3,425,425,32,52,71,64,15,0,0,20,1,1,C96 Oak Stock,,,100,,,Locked
66368841,20044,RF,★★★★,SV-98 Mod,120,30283300,-,-,x5,Mod3,430,430,128,81,29,37,7,0,0,40,1,1,,,,100,,,Locked
66373213,36,RF,★★★★,Springfield,100,3263300,-,-,x5,,420,420,128,72,40,32,7,0,0,40,10,0,National Match-Grade Armor-Piercing Ammo,,,100,,,Locked
66661162,14,HG,★★★,Astra,100,3263300,-,-,x5,,400,400,33,45,68,52,15,0,0,20,1,0,,,,100,,,Locked
66666667,20055,AR,★★★★★,M4A1 Mod,120,30283300,-,-,x5,Mod3,565,563,50,50,50,80,10,0,0,20,10,10,VFL 6-24X56,APCR High-Velocity Ammo,Inherited Case,200,Oathed,2019-09-10 23:24,Locked
66757802,99,HG,★★★★,Gr Mk23,100,3263300,-,-,x5,,400,400,29,53,66,63,15,0,0,20,10,0,,,,100,,,Locked
66783696,58,AR,★★★,AK-47,100,3263300,-,-,x5,,660,660,53,35,34,65,10,0,0,20,1,0,,,,100,,,Locked
67134242,22,SMG,★★★,PPS-43,100,3263300,-,-,x5,,880,880,33,13,65,74,12,0,0,5,10,0,,,,100,,,Locked
67198297,6,HG,★★★,Tokarev,100,3263300,-,-,x5,,430,430,31,47,66,52,15,0,0,20,1,0,,,,100,,,Locked
67476085,20026,SMG,★★★★★,Gr MP5 Mod,120,30283300,-,-,x5,Mod3,905,905,32,14,71,90,12,0,0,5,10,10,GSG UX Exoskeleton,,LED Weapon Light,200,Oathed,2020-11-11 19:57,Locked
67520523,69,AR,★★★★,Fr FAMAS,100,3263300,-,-,x5,,605,605,44,48,40,81,10,0,0,20,1,0,,,,100,,,Locked
67535642,20056,AR,★★★★★,M4 SOPMOD II Mod,120,30283300,-,-,x5,Mod3,565,565,52,51,46,79,10,0,0,30,10,10,Dinergate RO,,,200,Oathed,2019-10-25 21:32,Locked
67724018,20057,AR,★★★★★,ST AR-15 Mod,120,30283300,-,-,x5,Mod3,540,540,50,55,52,78,10,0,0,20,10,10,,Lightweight Rail Kit,.300BLK High-Velocity Ammo,200,Oathed,2019-09-10 23:26,Locked
67855951,3,HG,★★★,M9,100,3263300,-,-,x5,,380,380,29,56,66,61,15,0,0,20,10,0,,,,100,,,Locked
67983875,184,RF,★★★★,T-5000,100,3263300,-,-,x5,,450,450,126,85,28,36,7,0,0,40,10,0,,,,100,,,Locked
68136849,98,HG,★★★★,SPP-1,100,3263300,-,-,x5,,380,380,35,61,75,48,15,0,0,20,10,0,,,,100,,,Locked
68238450,20039,RF,★★★★★,Mosin-Nagant Mod,120,30283300,-,-,x5,Mod3,455,455,136,89,40,31,7,0,0,40,10,10,,K6-24X56,Hayha Memory Chip,200,Oathed,2020-08-18 21:28,Locked
68281766,20037,RF,★★★★,M14 Mod,120,30283300,-,-,x5,Mod3,430,430,111,74,28,44,7,0,0,40,10,10,,,,200,Oathed,2020-04-05 13:05,Locked
68358374,20061,AR,★★★★,StG44 Mod,110,5263300,-,-,x5,Mod1,645,645,57,49,37,65,10,0,0,20,1,0,,,,100,,,Locked
68386307,80,MG,★★★,M1919A4,100,3263300,-,-,x5,,910,910,96,26,22,99,4,0,9,5,10,0,,Special Steel Buttstock,,100,,,Locked
68397009,54,AR,★★★★,M16A1,100,3263300,-,-,x5,,605,605,47,46,44,75,10,0,0,20,10,0,,Special Warfare Mobile Suit,,150,Oathed,2019-10-25 21:31,Locked
69218138,197,RF,★★★★★,Carcano M1891,100,3263300,-,-,x5,,400,400,138,85,42,34,7,0,0,40,10,0,,,,100,,,Locked
69255603,1022,SG,★★★★★,Dana Zane,100,3263300,-,-,x5,,1345,1345,38,15,13,26,6,22,1,40,10,0,Prosthetic Arm,,,100,,,Locked
69347573,20065,AR,★★★★★★,416 Mod,120,30283300,-,-,x5,Mod3,620,620,55,51,47,79,10,0,0,20,10,10,EOT XPS3,,Tactical Headwear,200,Oathed,2020-04-17 10:07,Locked
69396809,118,AR,★★★★,9A-91,100,3263300,-,-,x5,,580,580,42,49,50,78,10,0,0,20,10,0,,,9A High-Performance Chip,100,,,Locked
70022225,1017,HG,★★★★★,Jill Stingray,100,3263300,-,-,x5,,400,400,30,53,96,55,15,0,0,20,10,0,Adelhyde,Adelhyde,Powdered Delta,100,,,Locked
70095563,8,HG,★★★,Makarov,100,3263300,-,-,x5,,315,315,26,61,96,61,15,0,0,20,10,0,Tactical Grip,,,150,Oathed,2022-05-30 17:46,Locked
70106078,1018,HG,★★★★★,Sei Asagiri,100,3263300,-,-,x5,,425,425,30,59,77,53,15,0,0,20,10,0,,,White Knight's Armor,100,,,Locked
70652526,1021,MG,★★★★★,Alma Armas,100,3263300,-,-,x5,,975,975,89,31,23,129,4,0,9,5,10,0,,,Cybernetic Hands,100,,,Locked
70652566,1019,SMG,★★★★★,Dorothy Haze,100,3263300,-,-,x5,,880,880,28,15,87,79,12,0,0,5,10,0,,MIRD Class-5 Rounds,,100,,,Locked
71434751,1020,RF,★★★★★,Stella Hoshii,100,3263300,-,-,x5,,450,450,117,84,36,35,7,0,0,40,10,0,,,Prosthetic Eye,100,,,Locked
71467268,20007,HG,★★★★★,Stechkin Mod,120,30283300,-,-,x5,Mod3,425,425,32,51,69,66,15,0,0,20,10,10,Stechkin Buttstock,,Tactical Thunderbolt Ahoge,200,Oathed,2020-11-11 20:00,Locked
71609562,201,RF,★★★,Gepard M1,100,3263300,-,-,x5,,440,440,143,77,28,30,7,0,0,40,10,0,,,,150,Oathed,2022-05-30 17:51,Locked
73205025,20143,SMG,★★★★★★,RO635 Mod,120,30283300,-,-,x5,Mod3,1040,1040,29,15,77,97,12,0,0,5,10,10,Beloved Dangle,,,200,Oathed,2020-11-11 19:52,Locked
73514263,248,HG,★★★★,Jericho,100,3263300,-,-,x5,,380,380,31,50,64,60,15,0,0,20,1,0,RBL Grip,,,100,,,Locked
73607914,106,AR,★★★★★,FAL,100,3263300,-,-,x5,,660,660,57,43,38,72,10,0,0,20,10,0,,,,150,Oathed,2019-10-25 21:33,Locked
74550758,20060,AR,★★★★★,AS Val Mod,120,30283300,-,-,x5,Mod3,680,680,43,51,51,76,10,0,0,20,10,10,,SP6 Subsonic Ammo,,200,Oathed,2020-08-18 21:29,Locked
74572918,211,RF,★★★★★,SRS,100,3263300,-,-,x5,,435,435,135,82,35,35,7,0,0,40,10,0,,,,150,Oathed,2020-03-03 08:11,Locked
74638768,96,HG,★★★★★,Grizzly,100,3263300,-,-,x5,,430,430,38,51,66,54,15,0,0,20,10,0,,,MkV Mobility Skeleton,100,,,Locked
74727371,23,SMG,★★★★,PP-90,100,3263300,-,-,x5,,795,795,25,13,86,96,12,0,0,5,1,0,,,,100,,,Locked
74727528,245,SMG,★★★★★,P90,100,3263300,-,-,x5,,950,950,30,15,83,93,12,0,0,5,10,0,,,,100,,,Locked
74727587,135,SMG,★★★★★,SR-3MP,100,3263300,-,-,x5,,970,970,31,12,67,90,12,0,0,5,10,0,,,,100,,,Locked
74728313,233,HG,★★★★★,Px4 Storm,100,3263300,-,-,x5,,340,340,35,69,93,57,15,0,0,20,10,0,ImpulsIIA/C,,,100,,,Locked
74732202,20075,MG,★★★★★,M1918 Mod,120,30283300,-,-,x5,Mod3,805,805,101,34,34,115,4,0,8,5,10,1,,,,200,Oathed,2021-05-30 17:11,Locked
74732288,20199,MG,★★★★★,Type80 Mod,120,30283300,-,-,x5,Mod3,915,915,98,29,25,119,4,0,10,5,10,1,,,,100,,,Locked
74733220,85,MG,★★★★,PK,100,3263300,-,-,x5,,950,950,96,21,23,84,4,0,11,5,10,0,,PK Exclusive Tripod,,100,,,Locked
74734020,173,MG,★★★★★,PKP,100,3263300,-,-,x5,,825,825,95,31,29,127,4,0,10,5,10,0,M1022 Sniper Rounds,EOT 518,IOP Maximum Ammo Box,150,Oathed,2021-05-30 17:31,Locked
74734719,20103,SMG,★★★★★,UMP45 Mod,120,30283300,-,-,x5,Mod3,975,975,29,14,77,83,12,0,0,5,10,10,,,Additional Computing Module,200,Oathed,2020-02-18 23:09,Locked
74735244,115,SMG,★★★★★,Suomi,100,3263300,-,-,x5,,1100,1100,28,15,56,93,12,0,0,5,10,0,Mk31 Multi-functional Exoskeleton,,,150,Oathed,2022-05-30 17:55,Locked
74739394,16,SMG,★★★★★,Thompson,100,3263300,-,-,x5,,1190,1190,31,12,56,82,12,0,0,5,10,0,Thompson's Exoskeleton,,,100,,,Locked
75521085,139,HG,★★,Bren Ten,5,1087,0,0,x1,,37,37,13,9,12,41,15,0,0,20,1,0,,,,69,,,Locked
75538035,9,HG,★★,P38,4,900,0,0,x1,,34,34,11,8,13,39,15,0,0,20,1,0,,,,68,,,Locked
75538412,20005,HG,★★★★,M1895 Mod,120,30283300,-,-,x5,Mod3,360,360,35,48,100,45,15,0,0,20,1,1,,,,100,,,Locked
75539526,90,HG,★★,FF FNP9,5,1170,170,330,x1,,31,31,12,9,14,43,15,0,0,20,1,0,,,,100,,,Locked
75543938,10,HG,★★,PPK,100,3263300,-,-,x5,,285,285,25,59,100,63,15,0,0,20,1,0,,,,100,,,Locked
76152445,20114,HG,★★★★★★,Welrod MkⅡ Mod,120,30283300,-,-,x5,Mod3,410,410,31,75,98,52,15,0,0,40,10,10,,,Special Ops Bag,200,Oathed,2022-05-30 17:41,Locked
77143298,99,HG,★★★★,Gr Mk23,100,3263300,-,-,x5,,400,400,29,53,66,63,15,0,0,20,10,0,,,,100,,,Locked
77293880,182,RF,★★★,wz.29,100,3263300,-,-,x5,,485,485,113,65,33,32,7,0,0,40,1,0,,,,100,,,Locked
77417308,99,HG,★★★★,Gr Mk23,100,3263300,-,-,x5,,400,400,29,53,66,63,15,0,0,20,10,0,,,,100,,,Locked
77867243,237,AR,★★★★,SAR-21,100,3263300,-,-,x5,,580,580,44,46,38,80,10,0,0,20,1,0,,,,100,,,Locked
77867416,257,RF,★★★★★,M200,100,3263300,-,-,x5,,440,440,145,96,31,34,7,0,0,40,10,0,,,,150,Oathed,2021-02-07 05:49,Locked
77867585,20053,RF,★★★★★★,NTW-20 Mod,120,30283300,-,-,x5,Mod3,475,475,170,82,31,32,7,0,0,40,10,10,20mm HEI,,,200,Oathed,2020-02-18 23:14,Locked
77872081,235,RF,★★★★,SPR A3G,100,3263300,-,-,x5,,435,435,130,83,31,35,7,0,0,40,1,0,,,,100,,,Locked
77872775,257,RF,★★★★★,M200,100,3263300,-,-,x5,,440,440,145,96,31,34,7,0,0,40,10,0,,,,150,Oathed,2020-04-03 23:07,Locked
77873173,216,AR,★★★★,XM8,100,3263300,-,-,x5,,540,540,48,46,42,79,10,0,0,20,10,0,,,,150,Oathed,2022-05-30 17:54,Locked
77876159,50,RF,★★★★★,Lee Enfield,100,3263300,-,-,x5,,400,400,135,78,40,36,7,0,0,40,10,0,,No32 MKI,,150,Oathed,2019-10-25 21:29,Locked
77880815,236,AR,★★★★★,K11,100,3263300,-,-,x5,,675,675,53,54,37,76,10,0,0,20,10,0,,,,150,Oathed,2021-01-27 20:06,Locked
77882180,20064,AR,★★★★★,Gr G36 Mod,120,30283300,-,-,x5,Mod3,650,650,51,48,45,76,10,0,0,20,10,10,,,,200,Oathed,2019-12-21 17:38,Locked
77883240,243,AR,★★★★★,64 Shiki,100,3263300,-,-,x5,,625,625,67,62,43,63,10,0,0,20,10,0,64 Shiki Sniper Scope,,,150,Oathed,2022-09-15 18:42,Locked
77885833,215,AR,★★★★★,MDR,100,3263300,-,-,x5,,595,595,56,50,41,76,10,0,0,20,10,0,BPR4 & SRM6,,,100,,,Locked
77887502,72,AR,★★★★,TAR-21,100,3263300,-,-,x5,,525,525,49,48,44,79,10,0,0,20,10,0,,,Tactical Earphones,100,,,Locked
77887566,62,AR,★★★★★,Gr G41,100,3263300,-,-,x5,,635,635,50,48,40,77,10,0,0,20,10,0,,,Hi-Performance Tactical Hair Accessory,100,,,Locked
77887701,181,AR,★★★★★,T91,100,3263300,-,-,x5,,620,620,51,44,46,76,10,0,0,20,10,0,,,,100,,,Locked
77891612,129,AR,★★★★★,Type95,100,3263300,-,-,x5,,580,580,55,52,46,71,10,0,0,20,10,0,,,,100,,,Locked
77892136,194,AR,★★★★★,K2,100,3263300,-,-,x5,,635,635,50,51,42,78,10,0,0,20,10,0,,,,100,,,Locked
77892703,172,AR,★★★★★,Am RFB,100,3263300,-,-,x5,,525,525,69,68,49,54,10,0,0,30,10,0,Am RFB Quad Rail,,,100,,,Locked
77898060,171,AR,★★★★,Ribeyrolles,100,3263300,-,-,x5,,550,550,64,44,40,63,10,0,0,20,10,0,,,,150,Oathed,2022-05-30 17:48,Locked
77898772,20122,AR,★★★★★★,Gr G11 Mod,120,30283300,-,-,x5,Mod3,620,620,48,48,44,97,10,0,0,20,10,10,,,G-box,200,Oathed,2020-11-11 19:53,Locked
78101847,212,HG,★★★★,K5,100,3263300,-,-,x5,,330,330,29,52,81,62,15,0,0,40,10,0,,,,100,,,Locked
78102686,186,HG,★★★,P226,100,3263300,-,-,x5,,365,365,29,58,63,61,15,0,0,20,1,0,,,,100,,,Locked
78130553,20097,HG,★★★★★★,M950A Mod,120,30283300,-,-,x5,Mod3,400,400,33,57,77,72,15,0,0,20,10,10,WML & Tactical Handguard,,,200,Oathed,2020-08-18 21:27,Locked
78218672,20097,HG,★★★★★★,M950A Mod,115,10083300,-,-,x5,Mod2,400,400,32,57,76,72,15,0,0,20,10,10,,,,150,Oathed,2020-08-23 16:52,Locked
78817267,190,SG,★★★,NS2000,100,3263300,-,-,x5,,1265,1265,33,12,11,27,6,20,5,40,1,0,,,,100,,,Locked
78821870,159,SG,★★★,RMB-93,100,3263300,-,-,x5,,1210,1210,30,11,13,28,6,22,4,40,10,0,,,,100,,,Locked
78834853,96,HG,★★★★★,Grizzly,100,3263300,-,-,x5,,430,430,38,51,66,54,15,0,0,20,10,0,,,,100,,,Locked
79356343,100,HG,★★★★,P7,100,3263300,-,-,x5,,315,315,32,62,83,61,15,0,0,20,1,0,M13 Receiver,,,100,,,Locked
79858089,114,HG,★★★★★,Welrod MkⅡ,100,3263300,-,-,x5,,400,400,28,71,90,52,15,0,0,40,1,0,,,,100,,,Locked
81499460,108,AR,★★★,CZ-805,100,3263300,-,-,x5,,580,580,43,49,41,75,10,0,0,20,1,0,,,,100,,,Locked
81603803,73,AR,★★★★★,AUG,100,3263300,-,-,x5,,605,605,55,57,46,75,10,0,0,30,10,0,,,,150,Oathed,2022-09-15 18:46,Locked
81772460,20136,SMG,★★★★★,PP-19 Mod,120,30283300,-,-,x5,Mod3,950,950,28,14,80,91,12,0,0,5,10,10,,,,100,,,Locked
81780016,222,RF,★★★★★,TAC-50,100,3263300,-,-,x5,,435,435,155,83,31,32,7,0,0,40,10,0,,,,100,,,Locked
81951630,15,HG,★★★,G17,100,3263300,-,-,x5,,315,315,29,58,87,61,15,0,0,20,1,0,,,,100,,,Locked
82026501,35,RF,★★★,M1A1,100,3263300,-,-,x5,,420,420,95,77,42,38,7,0,0,40,1,0,,,,100,,,Locked
82263895,183,HG,★★★★★,Contender,100,3263300,-,-,x5,,330,330,46,85,82,44,15,0,0,40,10,0,,,,150,Oathed,2021-05-30 17:22,Locked
82445405,129,AR,★★★★★,Type95,100,3263300,-,-,x5,,580,580,55,52,46,71,10,0,0,20,4,0,,,,100,,,Locked
82587818,183,HG,★★★★★,Contender,100,3263300,-,-,x5,,330,330,46,85,82,44,15,0,0,40,10,0,,,,100,,,Locked
82818655,157,SG,★★★★★,Am KSG,100,3263300,-,-,x5,,1265,1265,29,13,12,30,6,24,5,40,10,0,,,,100,,,Locked
82917631,193,AR,★★★,T65,100,3263300,-,-,x5,,620,620,54,44,40,76,10,0,0,20,10,0,,,,100,,,Locked
83035277,212,HG,★★★★,K5,100,3263300,-,-,x5,,330,330,29,52,81,62,15,0,0,40,10,0,,,,100,,,Locked
83086145,73,AR,★★★★★,AUG,100,3263300,-,-,x5,,605,605,55,57,46,75,10,0,0,30,10,0,,,,100,,,Locked
83883270,20094,SMG,★★★★,Type64 Mod,120,30283300,-,-,x5,Mod3,905,905,28,12,70,93,12,0,0,5,1,1,,,,100,,,Locked
83883271,105,AR,★★★,OTs-12,100,3263300,-,-,x5,,525,525,42,54,54,72,10,0,0,20,1,0,,,,100,,,Locked
83883272,20061,AR,★★★★,StG44 Mod,120,30283300,-,-,x5,Mod3,650,650,58,50,38,66,10,0,0,20,10,10,,7.92 KURZ,,200,Oathed,2022-09-15 18:43,Locked
83883273,20051,RF,★★★★,FF FN49 Mod,120,30283300,-,-,x5,Mod3,475,475,120,64,33,34,7,0,0,40,10,1,,,,200,Oathed,2020-05-26 20:36,Locked
83883274,20081,MG,★★★★,LWMMG Mod,120,30283300,-,-,x5,Mod3,890,890,103,27,24,92,4,0,10,5,10,10,,,,200,Oathed,2021-05-30 17:19,Locked
83883275,20032,SMG,★★★★,Micro Uzi Mod,120,30283300,-,-,x5,Mod3,885,885,26,13,83,104,12,0,0,5,10,10,,,MPL M21,200,Oathed,2020-07-22 21:30,Locked
83883276,20044,RF,★★★★,SV-98 Mod,115,10083300,-,-,x5,Mod2,430,430,127,80,29,37,7,0,0,40,1,1,,,,100,,,Locked
83883277,6,HG,★★★,Tokarev,100,3263300,-,-,x5,,430,430,31,47,66,52,15,0,0,20,1,0,,,,100,,,Locked
83883278,20012,HG,★★★★,C96 Mod,110,5263300,-,-,x5,Mod1,420,420,31,51,69,63,15,0,0,20,1,0,,,,100,,,Locked
83883279,20026,SMG,★★★★★,Gr MP5 Mod,120,30283300,-,-,x5,Mod3,905,905,32,14,71,90,12,0,0,5,10,10,GSG UX Exoskeleton,,LED Weapon Light,200,Oathed,2021-05-05 19:52,Locked
83883280,20075,MG,★★★★★,M1918 Mod,120,30283300,-,-,x5,Mod3,805,805,101,34,34,115,4,0,8,5,10,10,,CT 4X20,Titan Fire-Control Chip,200,Oathed,2020-08-18 21:30,Locked
83883281,20154,SG,★★★★,M500 Mod,120,30283300,-,-,x5,Mod3,1355,1355,33,12,11,30,6,22,4,40,10,10,,,MGP Upgrade Kit,100,,,Locked
83883282,20001,HG,★★★★★,SAA Mod,120,30283300,-,-,x5,Mod3,415,415,37,51,80,50,15,0,0,20,10,10,,,,200,Oathed,2020-05-26 20:26,Locked
83883283,162,SG,★★★★,SPAS-12,100,3263300,-,-,x5,,1375,1375,33,11,9,32,6,21,4,40,1,0,,,,100,,,Locked
83883284,36,RF,★★★★,Springfield,100,3263300,-,-,x5,,420,420,128,72,40,32,7,0,0,40,1,0,National Match-Grade Armor-Piercing Ammo,,,100,,,Locked
84245916,177,SMG,★★★★,KLIN,100,3263300,-,-,x5,,950,950,25,11,74,95,12,0,0,5,10,0,,,,100,,,Locked
84274584,177,SMG,★★★★,KLIN,100,3263300,-,-,x5,,950,950,25,11,74,95,12,0,0,5,10,0,,,,100,,,Locked
84382599,165,SG,★★★★,M1014,100,3263300,-,-,x5,,1375,1375,31,12,11,32,6,21,4,40,1,0,,,,100,,,Locked
84382665,146,RF,★★★★,Gr G28,100,3263300,-,-,x5,,440,440,119,80,29,39,7,0,0,40,10,0,,,,100,,,Locked
84475574,20161,SG,★★★★★,Type97S Mod,120,30283300,-,-,x5,Mod3,1355,1355,37,13,14,28,6,22,3,40,10,1,,,,100,,,Locked
84852969,123,HG,★★★,P99,100,3263300,-,-,x5,,300,300,31,56,87,61,15,0,0,20,1,0,,,,100,,,Locked
84952878,85,MG,★★★★,PK,100,3263300,-,-,x5,,950,950,96,21,23,84,4,0,11,5,4,0,,,,100,,,Locked
85020844,177,SMG,★★★★,KLIN,100,3263300,-,-,x5,,950,950,25,11,74,95,12,0,0,5,10,0,,,,100,,,Locked
85295391,166,HG,★★★★★,CZ75,100,3263300,-,-,x5,,330,330,34,62,74,66,15,0,0,20,10,0,OMEGA Rail,,,100,,,Locked
85353204,180,RF,★★★★,PzB39,100,3263300,-,-,x5,,420,420,148,71,31,32,7,0,0,40,1,0,,,,100,,,Locked
85356957,20124,RF,★★★★,Super SASS Mod,120,30283300,-,-,x5,Mod3,455,455,125,73,31,40,7,0,0,40,10,1,,,,200,Oathed,2021-05-30 17:15,Locked
85508725,84,MG,★★★,RPD,100,3263300,-,-,x5,,825,825,82,34,34,121,4,0,8,5,1,0,,,RPD Infantry Webbing,100,,,Locked
85524616,116,SMG,★★★,Z-62,100,3263300,-,-,x5,,840,840,28,15,77,77,12,0,0,5,1,0,,,,100,,,Locked
85712317,177,SMG,★★★★,KLIN,100,3263300,-,-,x5,,950,950,25,11,74,95,12,0,0,5,4,0,,,,100,,,Locked
86029278,177,SMG,★★★★,KLIN,100,3263300,-,-,x5,,950,950,25,11,74,95,12,0,0,5,4,0,,,,100,,,Locked
86029519,77,MG,★★★,M2HB,100,3263300,-,-,x5,,1075,1075,102,18,16,100,4,0,10,5,1,0,,,,100,,,Locked
86355874,20065,AR,★★★★★★,416 Mod,120,30283300,-,-,x5,Mod3,620,620,55,51,47,79,10,0,0,20,10,10,EOT XPS3,,Tactical Headwear,200,Oathed,2021-01-27 21:49,Locked
86851176,236,AR,★★★★★,K11,100,3263300,-,-,x5,,675,675,53,54,37,76,10,0,0,20,5,0,,,,100,,,Locked
86928260,158,SG,★★★,KS-23,100,3263300,-,-,x5,,1375,1375,40,9,10,25,6,21,3,40,1,0,,,,100,,,Locked
88342123,220,HG,★★★,MP-443,100,3263300,-,-,x5,,350,350,33,53,71,59,15,0,0,20,10,0,,,,150,Oathed,2022-05-30 17:49,Locked
88357774,188,SG,★★★★★,S.A.T.8,100,3263300,-,-,x5,,1410,1410,29,13,12,33,6,22,4,40,10,0,,,,100,,,Locked
88393041,113,HG,★★★,Serdyukov,100,3263300,-,-,x5,,350,350,33,58,68,59,15,0,0,20,1,0,Tactical Rails,,,100,,,Locked
88545317,20221,HG,★★★★,GSh-18 Mod,120,30283300,-,-,x5,Mod3,370,370,34,53,90,58,15,0,0,20,10,1,,7N31,,100,,,Locked
88563075,207,AR,★★★★,CZ2000,100,3263300,-,-,x5,,550,550,48,44,46,78,10,0,0,20,10,0,,,,100,,,Locked
88989894,20049,RF,★★★★,Type56R Mod,120,30283300,-,-,x5,Mod3,475,475,111,70,37,37,7,0,0,40,10,10,Custom Tracer Rounds,,,200,Oathed,2021-05-30 17:14,Locked
89136881,208,MG,★★★★★,HMG21,100,3263300,-,-,x5,,845,845,92,29,33,135,4,0,10,5,10,0,,,,100,,,Locked
89516899,196,AR,★★★★★,Zas M21,100,3263300,-,-,x1,,121,119,55,48,41,74,10,0,0,20,1,0,EOT 518,16Lab High-Velocity Ammo,#2 Processor,100,,,Locked
89549425,106,AR,★★★★★,FAL,100,3263300,-,-,x5,,660,660,57,43,38,72,10,0,0,20,1,0,,,,100,,,Locked
89558467,20122,AR,★★★★★★,Gr G11 Mod,120,30283300,-,-,x5,Mod3,620,620,48,48,44,97,10,0,0,20,10,10,,,G-box,200,Oathed,2021-05-30 17:08,Locked
89568492,196,AR,★★★★★,Zas M21,100,3263300,-,-,x1,,121,119,55,48,41,74,10,0,0,20,1,0,EOT 518,APCR High-Velocity Ammo,#2 Processor,100,,,Locked
89570564,206,AR,★★★★★,AK-12,100,3263300,-,-,x5,,550,550,56,62,52,78,10,0,0,20,10,0,,,,150,Oathed,2020-11-11 20:20,Locked
89600630,206,AR,★★★★★,AK-12,100,3263300,-,-,x5,,550,550,56,62,52,78,10,0,0,20,10,0,,,,100,,,Locked
89607433,196,AR,★★★★★,Zas M21,100,3263300,-,-,x5,,605,605,55,48,41,74,10,0,0,20,10,0,,,,100,,,Locked
89607812,205,AR,★★★★★,AN-94,100,3263300,-,-,x5,,580,580,55,67,48,76,10,0,0,20,10,0,,,,150,Oathed,2020-11-11 20:04,Locked
89609314,206,AR,★★★★★,AK-12,100,3263300,-,-,x5,,550,550,56,62,52,78,10,0,0,20,10,0,,,,100,,,Locked
89609843,205,AR,★★★★★,AN-94,100,3263300,-,-,x5,,580,580,55,67,48,76,10,0,0,20,10,0,,,,100,,,Locked
89631689,205,AR,★★★★★,AN-94,100,3263300,-,-,x5,,580,580,55,67,48,76,10,0,0,20,10,0,,,,100,,,Locked
89677882,203,SMG,★★★★,Honey Badger,100,3263300,-,-,x5,,990,990,33,13,60,82,12,0,0,5,10,0,MkQ Light Exoskeleton,,,150,Oathed,2022-09-15 18:48,Locked
89978533,196,AR,★★★★★,Zas M21,100,3263300,-,-,x5,,605,605,55,48,41,74,10,0,0,20,1,0,,,,100,,,Locked
89993681,130,AR,★★★★★,Type97,100,3263300,-,-,x5,,580,580,54,51,46,72,10,0,0,20,10,0,,,,100,,,Locked
90309067,120,AR,★★★,ARX-160,100,3263300,-,-,x5,,495,495,49,48,48,73,10,0,0,20,1,0,,,,100,,,Locked
90394395,42,RF,★★★★,PTRD,100,3263300,-,-,x5,,465,465,159,75,29,28,7,0,0,40,1,0,,,,100,,,Locked
90509097,191,SMG,★★★,M12,100,3263300,-,-,x5,,1015,1015,26,15,64,76,12,0,0,5,1,0,,,,100,,,Locked
90757145,20101,SMG,★★★★★,UMP9 Mod,120,30283300,-,-,x5,Mod3,905,905,29,18,84,87,12,0,0,5,10,10,,,AMP COMPSP,200,Oathed,2020-11-11 19:55,Locked
90760668,142,HG,★★★★★,Five-seven,100,3263300,-,-,x5,,315,315,31,57,97,66,15,0,0,20,10,0,,,,100,,,Locked
90931619,204,RF,★★★★★,Ballista,100,3263300,-,-,x5,,410,410,139,92,35,36,7,0,0,40,10,0,,,,100,,,Locked
91043547,119,AR,★★★★★,OTs-14,100,3263300,-,-,x5,,550,550,49,54,54,75,10,0,0,20,10,0,,,,100,,,Locked
91229490,28,SMG,★★★★★,Gr MP7,100,3263300,-,-,x5,,990,990,30,13,69,91,12,0,0,5,10,0,,,,100,,,Locked
91341684,142,HG,★★★★★,Five-seven,100,3263300,-,-,x5,,315,315,31,57,97,66,15,0,0,20,10,0,,,,100,,,Locked
91347416,192,RF,★★★★★,JS05,100,3263300,-,-,x5,,450,450,158,88,32,31,7,0,0,40,10,0,,,,100,,,Locked
91357978,176,SMG,★★★,TMP,100,3263300,-,-,x5,,750,750,28,14,77,93,12,0,0,5,1,0,,,,100,,,Locked
91478051,202,HG,★★★★,Thunder,100,3263300,-,-,x5,,430,430,46,57,60,37,15,0,0,40,10,0,,,,100,,,Locked
91486713,102,SMG,★★★★,UMP40,100,3263300,-,-,x5,,900,900,27,14,75,85,12,0,0,5,10,0,,,,100,,,Locked
91532854,142,HG,★★★★★,Five-seven,100,3263300,-,-,x5,,315,315,31,57,97,66,15,0,0,20,10,0,,,,100,,,Locked
92127681,151,SG,★★★★★,M1887,100,3263300,-,-,x5,,1375,1375,39,12,12,22,6,22,4,40,10,0,,,,100,,,Locked
92141837,142,HG,★★★★★,Five-seven,100,3263300,-,-,x5,,315,315,31,57,97,66,15,0,0,20,10,0,,,,100,,,Locked
92143826,142,HG,★★★★★,Five-seven,100,3263300,-,-,x5,,315,315,31,57,97,66,15,0,0,20,10,0,,,,100,,,Locked
92312100,142,HG,★★★★★,Five-seven,100,3263300,-,-,x5,,315,315,31,57,97,66,15,0,0,20,10,0,,,,100,,,Locked
92576213,20093,SMG,★★★★,IDW Mod,120,30283300,-,-,x5,Mod3,770,770,27,16,92,75,12,0,0,5,1,1,,,,100,,,Locked
92983376,142,HG,★★★★★,Five-seven,100,3263300,-,-,x5,,315,315,31,57,97,66,15,0,0,20,1,0,,,,100,,,Locked
93200902,142,HG,★★★★★,Five-seven,100,3263300,-,-,x5,,315,315,31,57,97,66,15,0,0,20,1,0,,,,100,,,Locked
93625912,142,HG,★★★★★,Five-seven,100,3263300,-,-,x5,,315,315,31,57,97,66,15,0,0,20,1,0,,,,100,,,Locked
93697217,189,SG,★★★★,USAS-12,100,3263300,-,-,x5,,1300,1300,29,11,10,37,6,22,5,40,10,0,,,,100,,,Locked
93697426,153,SG,★★★★,M37,100,3263300,-,-,x5,,1265,1265,33,12,12,26,6,22,4,40,1,0,,,Synthetic Pistol Grip,100,,,Locked
93697520,155,SG,★★★★,M590,100,3263300,-,-,x5,,1320,1320,32,11,10,31,6,22,4,40,1,0,,,,100,,,Locked
93697555,128,RF,★★★★★,M99,100,3263300,-,-,x5,,440,440,157,81,32,32,7,0,0,40,10,0,,,,100,,,Locked
93697591,247,RF,★★★★,K31,100,3263300,-,-,x5,,390,390,126,78,37,39,7,0,0,40,10,0,,,,100,,,Locked
93698001,145,RF,★★★,OTs-44,100,3263300,-,-,x5,,400,400,157,67,32,32,7,0,0,40,1,0,,,,100,,,Locked
93698282,156,SG,★★★★,Super-Shorty,100,3263300,-,-,x5,,1210,1210,28,14,19,30,6,20,3,40,1,0,,,,100,,,Locked
93767420,188,SG,★★★★★,S.A.T.8,100,3263300,-,-,x5,,1410,1410,29,13,12,33,6,22,4,40,10,0,,,,100,,,Locked
93767445,157,SG,★★★★★,Am KSG,100,3263300,-,-,x5,,1265,1265,29,13,12,30,6,24,5,40,10,0,,,,100,,,Locked
94005295,142,HG,★★★★★,Five-seven,100,3263300,-,-,x5,,315,315,31,57,97,66,15,0,0,20,1,0,,,,100,,,Locked
94213060,179,RF,★★★★★,Gd DSR-50,100,3263300,-,-,x5,,410,410,163,87,33,31,7,0,0,40,10,0,,,,100,,,Locked
94421638,213,SMG,★★★★★,C-MS,100,3263300,-,-,x5,,925,925,32,15,75,87,12,0,0,5,10,0,,,,100,,,Locked
94447597,238,MG,★★★★★,QJY-88,100,3263300,-,-,x5,,825,825,86,33,35,126,4,0,10,5,10,0,,,,100,,,Locked
94815717,233,HG,★★★★★,Px4 Storm,100,3263300,-,-,x5,,340,340,35,69,93,57,15,0,0,20,10,0,,,,100,,,Locked
94884049,233,HG,★★★★★,Px4 Storm,100,3263300,-,-,x5,,340,340,35,69,93,57,15,0,0,20,10,0,,,,100,,,Locked
94959875,195,MG,★★★,Gr MG23,100,3263300,-,-,x5,,745,745,80,34,34,135,4,0,9,5,1,0,,,,100,,,Locked
95088537,233,HG,★★★★★,Px4 Storm,100,3263300,-,-,x5,,340,340,35,69,93,57,15,0,0,20,10,0,,,,100,,,Locked
95164070,233,HG,★★★★★,Px4 Storm,100,3263300,-,-,x5,,340,340,35,69,93,57,15,0,0,20,10,0,,,,100,,,Locked
95177133,233,HG,★★★★★,Px4 Storm,100,3263300,-,-,x5,,340,340,35,69,93,57,15,0,0,20,10,0,,,,100,,,Locked
95347113,233,HG,★★★★★,Px4 Storm,100,3263300,-,-,x5,,340,340,35,69,93,57,15,0,0,20,1,0,,,,100,,,Locked
95348495,233,HG,★★★★★,Px4 Storm,100,3263300,-,-,x5,,340,340,35,69,93,57,15,0,0,20,1,0,,,,100,,,Locked
95640684,209,SMG,★★★,OTs-39,100,3263300,-,-,x5,,950,950,27,14,72,74,12,0,0,5,1,0,,,,100,,,Locked
95652932,150,SMG,★★★★,Shipka,100,3263300,-,-,x5,,840,840,24,14,79,95,12,0,0,5,1,0,,,,100,,,Locked
95758632,233,HG,★★★★★,Px4 Storm,100,3263300,-,-,x5,,340,340,35,69,93,57,15,0,0,20,1,0,,,,100,,,Locked
95766671,233,HG,★★★★★,Px4 Storm,100,3263300,-,-,x5,,340,340,35,69,93,57,15,0,0,20,1,0,,,,100,,,Locked
96458553,79,MG,★★★,FF M249SAW,100,3263300,-,-,x5,,785,785,79,35,36,139,4,0,8,5,1,0,,,MICO,100,,,Locked
96748231,198,RF,★★★★★,Carcano M91/38,100,3263300,-,-,x5,,365,363,146,90,44,34,7,0,0,40,10,0,,,,150,Oathed,2020-01-16 05:26,Locked
96749231,43,RF,★★★★,SVD,100,3263300,-,-,x5,,400,400,130,80,33,37,7,0,0,40,10,0,7N14,,,150,Oathed,2020-03-03 08:12,Locked
96752667,48,RF,★★★★★,WA2000,100,3263300,-,-,x5,,440,440,130,82,30,39,7,0,0,40,10,0,,,,150,Oathed,2020-02-23 09:02,Locked
96756125,148,RF,★★★★★,IWS 2000,100,3263300,-,-,x5,,440,440,162,78,29,32,7,0,0,40,10,0,,,,150,Oathed,2020-01-16 05:27,Locked
96758049,245,SMG,★★★★★,P90,100,3263300,-,-,x5,,950,950,30,15,83,93,12,0,0,5,1,0,,,,100,,,Locked
96758603,137,SMG,★★★★,PP-19-01,100,3263300,-,-,x5,,970,970,27,13,68,85,12,0,0,5,1,0,,,,100,,,Locked
96758708,20103,SMG,★★★★★,UMP45 Mod,120,30283300,-,-,x5,Mod3,975,975,29,14,77,83,12,0,0,5,10,1,,,,200,Oathed,2020-04-05 13:06,Locked
96759972,127,SMG,★★★★★,Type79,100,3263300,-,-,x5,,970,970,32,12,70,88,12,0,0,5,10,0,,S&B762,,100,,,Locked
96760809,20101,SMG,★★★★★,UMP9 Mod,120,30283300,-,-,x5,Mod3,905,905,29,18,84,87,12,0,0,5,10,1,,,,200,Oathed,2021-05-30 17:10,Locked
96763084,104,SMG,★★★★★,Gr G36c,100,3263300,-,-,x5,,1015,1015,32,13,65,83,12,0,0,5,10,0,,,,150,Oathed,2022-05-30 17:47,Locked
96767221,228,SMG,★★★★★,100 Shiki,100,3263300,-,-,x5,,1060,1060,29,14,67,76,12,0,0,5,10,0,,,,100,,,Locked
96926679,147,RF,★★★,SSG 69,100,3263300,-,-,x5,,400,400,130,82,39,30,7,0,0,40,1,0,,,,100,,,Locked
96989030,213,SMG,★★★★★,C-MS,100,3263300,-,-,x5,,925,925,32,15,75,87,12,0,0,5,10,0,,,,100,,,Locked
97107395,134,AR,★★★,AR70,100,3263300,-,-,x5,,550,550,50,44,41,71,10,0,0,20,1,0,,,,100,,,Locked
97130083,20178,SMG,★★★★,F1 Mod,120,30283300,-,-,x5,Mod3,1085,1085,28,14,64,79,12,0,0,5,1,1,,,,100,,,Locked
97130477,167,HG,★★★,Gr HK45,100,3263300,-,-,x5,,330,330,34,58,80,55,15,0,0,20,1,0,,,,100,,,Locked
97132122,131,SMG,★★★,EVO 3,100,3263300,-,-,x5,,970,970,23,13,68,93,12,0,0,5,1,0,,,,100,,,Locked
97144100,138,AR,★★★,6P62,100,3263300,-,-,x5,,605,605,69,37,33,54,10,0,0,20,10,0,,,,150,Oathed,2022-09-15 18:57,Locked
97167505,170,AR,★★★,ASh-12.7,100,3263300,-,-,x5,,550,550,65,41,36,59,10,0,0,20,1,0,,,,100,,,Locked
97200343,249,MG,★★★,62 Shiki,100,3263300,-,-,x5,,845,845,87,31,28,122,4,0,9,5,1,0,,,,100,,,Locked
97312804,174,RF,★★★,Type81R,100,3263300,-,-,x5,,375,375,123,79,41,32,7,0,0,40,1,0,,,,100,,,Locked
97313117,144,SMG,★★★,MT-9,100,3263300,-,-,x5,,1015,1015,25,13,60,88,12,0,0,5,1,0,,,,100,,,Locked
97425673,117,RF,★★★★,Gr PSG-1,100,3263300,-,-,x5,,465,465,120,73,26,39,7,0,0,40,1,0,,,,100,,,Locked
97461907,132,HG,★★★,Type59,100,3263300,-,-,x5,,300,300,28,61,96,61,15,0,0,20,1,0,,,,100,,,Locked
97656444,20152,SG,★★★★,M1897 Mod,120,30283300,-,-,x5,Mod3,1355,1355,37,13,11,26,6,22,4,40,10,10,,,,100,,,Locked
98917650,230,RF,★★★,OBR,100,3263300,-,-,x5,,405,405,117,80,32,37,7,0,0,40,10,0,,,,150,Oathed,2022-05-30 17:57,Locked
99731024,210,HG,★★★,CZ52,100,3263300,-,-,x5,,380,380,33,50,68,53,15,0,0,20,1,0,,,,100,,,Locked
101523054,187,AR,★★★★,Ak 5,100,3263300,-,-,x5,,580,580,51,48,38,75,10,0,0,20,10,0,CS Red Dot Sight,,,150,Oathed,2022-09-15 18:37,Locked
101713954,140,HG,★★★,PSM,100,3263300,-,-,x5,,285,285,24,67,112,65,15,0,0,20,1,0,,,,100,,,Locked
102093757,169,SMG,★★★,SCW,100,3263300,-,-,x5,,840,840,30,12,68,91,12,0,0,5,1,0,,,,100,,,Locked
102982060,20031,SMG,★★★★,M38 Mod,120,30283300,-,-,x5,Mod3,1085,1085,33,12,61,79,12,0,0,5,10,1,,,,100,,,Locked
103140641,217,RF,★★★,SM-1,100,3263300,-,-,x5,,405,405,95,79,40,40,7,0,0,40,1,0,,,,100,,,Locked
103163940,198,RF,★★★★★,Carcano M91/38,100,3263300,-,-,x5,,365,363,146,90,44,34,7,0,0,40,10,0,,,,150,Oathed,2020-03-10 21:33,Locked
103465280,225,SMG,★★★★,Cx4 Storm,100,3263300,-,-,x5,,900,900,34,16,74,64,12,0,0,5,1,0,,,,100,,,Locked
103880878,59,SMG,★★★★★,AK-74U,100,3263300,-,-,x5,,970,970,35,13,67,83,12,0,0,5,10,0,,,,100,,,Locked
103925409,239,AR,★★★,Type03,100,3263300,-,-,x5,,580,580,51,47,39,71,10,0,0,20,1,0,,,,100,,,Locked
104084275,227,AR,★★★★,A-91,100,3263300,-,-,x5,,565,565,52,50,37,75,10,0,0,20,10,0,,,,100,,,Locked
104402432,20089,MG,★★★★,Bren Mod,120,30283300,-,-,x5,Mod3,890,890,97,34,29,103,4,0,8,5,1,1,,,,100,,,Locked
104406474,133,AR,★★,Type63,100,3263300,-,-,x5,,495,495,51,40,40,73,10,0,0,20,1,0,,,,100,,,Locked
104407956,175,AR,★★★★★,ART556,100,3263300,-,-,x5,,580,580,53,53,49,69,10,0,0,20,10,0,,,,100,,,Locked
104641450,229,SG,★★★★★,M870,100,3263300,-,-,x5,,1320,1320,33,13,12,29,6,23,4,40,10,0,,,,100,,,Locked
104665747,226,RF,★★★★,Mk 12,100,3263300,-,-,x5,,405,405,101,82,32,46,7,0,0,40,10,0,,,,100,,,Locked
104742746,4,HG,★★★★★,Python,100,3263300,-,-,x5,,350,350,40,81,82,49,15,0,0,40,10,0,,,,150,Oathed,2021-05-30 17:23,Locked
105159732,231,RF,★★★★★,M82A1,100,3263300,-,-,x5,,440,440,158,77,30,34,7,0,0,40,10,0,,Barrett QDL,,100,,,Locked
105636767,4,HG,★★★★★,Python,100,3263300,-,-,x5,,350,350,40,81,82,49,15,0,0,40,10,0,,,,100,,,Locked
106046305,4,HG,★★★★★,Python,100,3263300,-,-,x5,,350,350,40,81,82,49,15,0,0,40,10,0,,,,100,,,Locked
106250209,4,HG,★★★★★,Python,100,3263300,-,-,x5,,350,350,40,81,82,49,15,0,0,40,1,0,,,,100,,,Locked
106365944,4,HG,★★★★★,Python,100,3263300,-,-,x5,,350,350,40,81,82,49,15,0,0,40,1,0,,,,100,,,Locked
106447634,163,SG,★★★★★,AA-12,100,3263300,-,-,x5,,1345,1345,30,12,11,39,6,22,5,40,10,0,,FRAG-12 High Explosive Rounds,,100,,,Locked
106951846,4,HG,★★★★★,Python,100,3263300,-,-,x5,,350,350,40,81,82,49,15,0,0,40,1,0,,,,100,,,Locked
107786775,4,HG,★★★★★,Python,100,3263300,-,-,x5,,350,350,40,81,82,49,15,0,0,40,1,0,,,,100,,,Locked
107798471,4,HG,★★★★★,Python,100,3263300,-,-,x5,,350,350,40,81,82,49,15,0,0,40,1,0,,,,100,,,Locked
109629527,256,RF,★★★,Falcon,100,3263300,-,-,x5,,440,440,140,71,28,32,7,0,0,40,10,0,,,,100,,,Locked
109631673,270,RF,★★★★,4 Shiki,100,3263300,-,-,x5,,420,420,112,74,37,39,7,0,0,40,10,0,Arisaka AP Rounds,,,100,,,Locked
109645469,66,AR,★★★★,Type56-1,100,3263300,-,-,x5,,690,690,53,35,35,69,10,0,0,20,1,0,,,,100,,,Locked
109649954,214,AR,★★★★★,ADS,100,3263300,-,-,x5,,605,605,50,54,45,78,10,0,0,20,10,0,,,,100,,,Locked
109653422,148,RF,★★★★★,IWS 2000,100,3263300,-,-,x5,,440,440,162,78,29,32,7,0,0,40,10,0,,,,150,Oathed,2020-04-05 22:45,Locked
109653982,198,RF,★★★★★,Carcano M91/38,100,3263300,-,-,x5,,365,365,146,90,44,34,7,0,0,40,10,0,,,,150,Oathed,2020-04-04 17:29,Locked
109656919,261,RF,★★★★★,QBU-88,100,3263300,-,-,x5,,420,420,126,87,41,42,7,0,0,40,10,0,,,,100,,,Locked
109659899,269,HG,★★★★,Gr P30,100,3263300,-,-,x5,,350,350,32,62,85,55,15,0,0,20,1,0,,,,100,,,Locked
110122963,218,SMG,★★★,T77,100,3263300,-,-,x5,,925,925,24,11,69,92,12,0,0,5,1,0,,,,100,,,Locked
110480556,88,MG,★★★★,MG3,100,3263300,-,-,x5,,990,990,85,26,21,130,4,0,10,5,10,0,,,Infinite Ammo Box,150,Oathed,2022-05-30 17:56,Locked
110841350,78,MG,★★★★,M60,100,3263300,-,-,x5,,910,910,92,26,26,111,4,0,9,5,1,0,,,,100,,,Locked
111458019,125,MG,★★★★★,Gr MG4,100,3263300,-,-,x5,,910,910,84,34,34,139,4,0,9,5,10,0,,Gr MG4 MGO,,150,Oathed,2022-05-30 17:45,Locked
111985726,38,RF,★★★,M21,100,3263300,-,-,x5,,465,465,118,74,27,35,7,0,0,40,1,0,,,,100,,,Locked
112990667,126,HG,★★★★★,NZ75,100,3263300,-,-,x5,,365,365,33,62,74,63,15,0,0,20,10,0,,,,100,,,Locked
113249788,223,AR,★★★,Model L,100,3263300,-,-,x5,,550,550,50,45,41,73,10,0,0,20,1,0,,,,100,,,Locked
113658585,20001,HG,★★★★★,SAA Mod,115,10083300,-,-,x5,Mod2,410,410,37,50,79,50,15,0,0,20,10,1,,,,100,,,Locked
113770388,241,RF,★★★,RT-20,100,3263300,-,-,x5,,450,450,158,78,28,27,7,0,0,40,1,0,,,,100,,,Locked
113771568,234,SMG,★★★★★,JS 9,100,3263300,-,-,x5,,900,900,27,15,86,89,12,0,0,5,10,0,,,,100,,,Locked
113913707,96,HG,★★★★★,Grizzly,100,3263300,-,-,x5,,430,430,38,51,66,54,15,0,0,20,10,0,,,,100,,,Locked
114697493,52,RF,★★,VM59,100,3263300,-,-,x5,,485,485,104,52,25,38,7,0,0,40,1,0,,,,100,,,Locked
114697539,40,RF,★★,SVT-38,100,3263300,-,-,x5,,420,420,110,59,34,34,7,0,0,40,1,0,,,,100,,,Locked
114697599,87,MG,★★,MG34,100,3263300,-,-,x5,,825,825,85,22,25,120,4,0,10,5,1,0,,,,100,,,Locked
114697678,74,AR,★★,SIG-510,100,3263300,-,-,x5,,580,580,56,41,37,59,10,0,0,20,1,0,,,,100,,,Locked
114893704,20063,AR,★★★★,Gr G3 Mod,120,30283300,-,-,x5,Mod3,565,565,58,55,40,64,10,0,0,20,10,10,,,,200,Oathed,2020-05-26 20:35,Locked
115075379,24,SMG,★★,PP-2000,100,3263300,-,-,x5,,795,795,30,11,74,80,12,0,0,5,1,0,,,,100,,,Locked
115075645,107,AR,★★,FF F2000,100,3263300,-,-,x5,,525,525,42,44,40,81,10,0,0,20,1,0,,,,100,,,Locked
115082941,47,RF,★★,G43,100,3263300,-,-,x5,,400,400,111,58,28,40,7,0,0,40,1,0,,,,100,,,Locked
115083086,110,MG,★★,FG42,100,3263300,-,-,x5,,745,745,87,28,33,121,4,0,8,5,1,0,,,,100,,,Locked
115084400,82,MG,★★,DP28,100,3263300,-,-,x5,,705,705,88,28,31,114,4,0,9,5,1,0,,,,100,,,Locked
115084837,33,SMG,★★,m45,100,3263300,-,-,x5,,925,925,30,12,62,74,12,0,0,5,1,0,,,,100,,,Locked
115085335,68,AR,★★,L85A1,100,3263300,-,-,x5,,470,470,46,43,43,78,10,0,0,20,1,0,,,,100,,,Locked
115182576,111,MG,★★,AAT-52,100,3263300,-,-,x5,,910,910,79,24,22,118,4,0,10,5,1,0,,,,100,,,Locked
115202626,1009,HG,★★★★★,El Clear,100,3263300,-,-,x5,,330,330,31,62,88,61,15,0,0,20,10,0,Glorylight,,,100,,,Locked
115203981,41,RF,★★,SKS,100,3263300,-,-,x5,,465,465,100,59,34,34,7,0,0,40,1,0,,,,100,,,Locked
115274864,200,RF,★★★★,XM3,100,3263300,-,-,x5,,410,410,130,90,32,35,7,0,0,40,10,0,,,,150,Oathed,2021-05-30 17:17,Locked
115292796,1010,HG,★★★★★,El Fail,100,3263300,-,-,x5,,330,330,31,62,88,61,15,0,0,20,10,0,Black Cat,,,100,,,Locked
116660316,86,MG,★★★,MG42,100,3263300,-,-,x5,,825,825,92,23,26,132,4,0,10,5,1,0,,,,100,,,Locked
116993228,149,MG,★★★★,AEK-999,100,3263300,-,-,x5,,825,825,89,29,28,120,4,0,10,5,1,0,,,,100,,,Locked
116993347,121,MG,★★★★,Mk48,100,3263300,-,-,x5,,870,870,90,25,26,112,4,0,10,5,1,0,,,,100,,,Locked
116993726,20032,SMG,★★★★,Micro Uzi Mod,115,10891354,0,0,x5,Mod3,880,880,25,13,82,104,12,0,0,5,10,10,,,MPL M21,200,Oathed,2020-09-14 21:32,Locked
116995169,109,MG,★★★★★,Gr MG5,100,3263300,-,-,x5,,990,990,85,27,27,120,4,0,11,5,10,0,M1022 Sniper Rounds,EOT 518,IOP Maximum Ammo Box,150,Oathed,2021-05-30 17:32,Locked
116996155,112,MG,★★★★★,Negev,100,3263300,-,-,x5,,870,870,84,35,36,139,4,0,9,5,10,0,,,,100,,,Locked
117004625,185,MG,★★★★,Ameli,100,3263300,-,-,x5,,705,705,83,38,42,149,4,0,8,5,1,0,,,,100,,,Locked
117032097,20,SMG,★★★★★,Vector,100,3263300,-,-,x5,,925,925,30,11,71,101,12,0,0,5,10,0,,,,100,,,Locked
117946594,164,SG,★★★★★,FP-6,100,3263300,-,-,x5,,1300,1300,31,13,12,28,6,24,4,40,10,0,,,,100,,,Locked
118975809,266,RF,★★★★★,R93,100,3263300,-,-,x5,,405,405,133,97,34,39,7,0,0,40,10,0,,,,150,Oathed,2020-05-31 10:09,Locked
119112965,240,MG,★★★★,Mk46,100,3263300,-,-,x5,,810,810,78,34,36,142,4,0,9,5,1,0,,,,100,,,Locked
119578524,232,HG,★★★,MP-448,100,3263300,-,-,x5,,320,320,26,62,99,60,15,0,0,20,1,0,,,,100,,,Locked
119753793,19,SMG,★★★,FMG-9,100,3263300,-,-,x5,,705,705,26,13,90,92,12,0,0,5,1,0,,,,100,,,Locked
120157403,212,HG,★★★★,K5,100,3263300,-,-,x5,,330,330,29,52,81,62,15,0,0,40,10,0,,,,100,,,Locked
120363327,20097,HG,★★★★★★,M950A Mod,115,10083300,-,-,x5,Mod2,400,400,32,57,76,72,15,0,0,20,10,10,,,,150,Oathed,2020-08-27 15:06,Locked
120949514,20007,HG,★★★★★,Stechkin Mod,115,10083300,-,-,x5,Mod2,425,425,31,51,68,66,15,0,0,20,10,1,,,,100,,,Locked
121728028,183,HG,★★★★★,Contender,100,3263300,-,-,x5,,330,330,46,85,82,44,15,0,0,40,1,0,,,,100,,,Locked
122746262,97,HG,★★★★★,M950A,100,3263300,-,-,x5,,380,380,30,55,68,72,15,0,0,20,1,0,,,,100,,,Locked
123604112,244,HG,★★★,TEC-9,100,3263300,-,-,x5,,415,415,28,46,63,63,15,0,0,20,10,0,,,,100,,,Locked
123801039,255,RF,★★★,Scout,100,3263300,-,-,x5,,450,450,114,78,35,35,7,0,0,40,1,0,,,,100,,,Locked
123802325,20007,HG,★★★★★,Stechkin Mod,115,10083300,-,-,x5,Mod2,425,425,31,51,68,66,15,0,0,20,10,1,,,,100,,,Locked
124253948,97,HG,★★★★★,M950A,100,3263300,-,-,x5,,380,380,30,55,68,72,15,0,0,20,1,0,,,,100,,,Locked
124259401,97,HG,★★★★★,M950A,100,3263300,-,-,x5,,380,380,30,55,68,72,15,0,0,20,1,0,,,,100,,,Locked
124260737,260,HG,★★★★★,PA-15,100,3263300,-,-,x5,,350,350,35,65,76,64,15,0,0,20,10,0,,,,100,,,Locked
124263241,262,AR,★★★★,EM-2,100,3263300,-,-,x5,,595,595,57,48,48,61,10,0,0,20,10,0,,,,100,,,Locked
124264325,109,MG,★★★★★,Gr MG5,100,3263300,-,-,x5,,990,990,85,27,27,120,4,0,11,5,10,0,,,,100,,,Locked
124265632,173,MG,★★★★★,PKP,100,3263300,-,-,x5,,825,825,95,31,29,127,4,0,10,5,10,0,,,,100,,,Locked
124270661,264,MG,★★★★,Chauchat,100,3263300,-,-,x5,,870,870,102,34,30,81,4,0,9,5,1,0,,,,100,,,Locked
126588858,20252,RF,★★★★★,KSVK Mod,120,30283300,-,-,x5,Mod3,455,455,165,87,31,32,7,0,0,40,10,10,12.7mm 1SL,,,200,Oathed,2020-11-11 19:56,Locked
126631478,253,MG,★★★★★,Lewis,100,3263300,-,-,x5,,950,950,102,31,31,116,4,0,10,5,10,0,,,,100,,,Locked
126838115,160,SG,★★★★★,Saiga-12,100,3263300,-,-,x5,,1320,1320,29,12,11,35,6,23,5,40,10,0,,,,100,,,Locked
126842266,242,HG,★★★★★,P22,100,3263300,-,-,x5,,350,350,28,66,110,62,15,0,0,20,10,0,,,,100,,,Locked
126872037,242,HG,★★★★★,P22,100,3263300,-,-,x5,,350,350,28,66,110,62,15,0,0,20,10,0,,,,100,,,Locked
127018406,251,SMG,★★★★★,X95,100,3263300,-,-,x5,,970,970,34,13,67,90,12,0,0,5,10,0,,,,100,,,Locked
127028082,20007,HG,★★★★★,Stechkin Mod,110,5263300,-,-,x5,Mod1,420,420,31,50,67,65,15,0,0,20,1,0,,,,100,,,Locked
127180485,254,MG,★★★★,UKM-2000,100,3263300,-,-,x5,,845,845,90,26,26,115,4,0,11,5,1,0,,,,100,,,Locked
127221961,242,HG,★★★★★,P22,100,3263300,-,-,x5,,350,350,28,66,110,62,15,0,0,20,10,0,,,,100,,,Locked
127225378,242,HG,★★★★★,P22,100,3263300,-,-,x5,,350,350,28,66,110,62,15,0,0,20,10,0,,,,100,,,Locked
127515163,250,HG,★★★★★,HS2000,100,3263300,-,-,x5,,360,360,33,61,87,62,15,0,0,20,10,0,,,,100,,,Locked
127540231,242,HG,★★★★★,P22,100,3263300,-,-,x5,,350,350,28,66,110,62,15,0,0,20,10,0,,,,100,,,Locked
127590989,242,HG,★★★★★,P22,100,3263300,-,-,x5,,350,350,28,66,110,62,15,0,0,20,10,0,,,,100,,,Locked
127827870,250,HG,★★★★★,HS2000,100,3263300,-,-,x5,,360,360,33,61,87,62,15,0,0,20,10,0,,,,100,,,Locked
128012284,242,HG,★★★★★,P22,100,3263300,-,-,x5,,350,350,28,66,110,62,15,0,0,20,3,0,,,,100,,,Locked
128109379,242,HG,★★★★★,P22,100,3263300,-,-,x5,,350,350,28,66,110,62,15,0,0,20,1,0,,,,100,,,Locked
128122447,242,HG,★★★★★,P22,100,3263300,-,-,x5,,350,350,28,66,110,62,15,0,0,20,1,0,,,,100,,,Locked
128148661,258,AR,★★★,Magal,100,3263300,-,-,x5,,580,580,47,47,43,70,10,0,0,20,1,0,,,,100,,,Locked
128309442,242,HG,★★★★★,P22,100,3263300,-,-,x5,,350,350,28,66,110,62,15,0,0,20,1,0,,,,100,,,Locked
128844284,250,HG,★★★★★,HS2000,100,3263300,-,-,x5,,360,360,33,61,87,62,15,0,0,20,10,0,,,,100,,,Locked
129113842,265,AR,★★★,Gr HK33,100,3263300,-,-,x5,,525,525,49,51,46,73,10,0,0,20,1,0,,,,100,,,Locked
129117489,250,HG,★★★★★,HS2000,100,3263300,-,-,x5,,360,360,33,61,87,62,15,0,0,20,10,0,,,,100,,,Locked
131044030,4,HG,★★★★★,Python,100,3263300,-,-,x5,,350,350,40,81,82,49,15,0,0,40,1,0,,,,100,,,Locked
132195058,267,SMG,★★★,MP41,100,3263300,-,-,x5,,970,970,30,13,60,77,12,0,0,5,1,0,,,,100,,,Locked
132622525,4,HG,★★★★★,Python,100,3263300,-,-,x5,,350,350,40,81,82,49,15,0,0,40,1,0,,,,100,,,Locked
135110736,277,HG,★★★,Gr VP70,100,3263300,-,-,x5,,330,330,31,54,75,60,15,0,0,20,1,0,,,,100,,,Locked
135480719,20007,HG,★★★★★,Stechkin Mod,110,5263300,-,-,x5,Mod1,420,420,31,50,67,65,15,0,0,20,1,0,,,,100,,,Locked
136209966,263,MG,★★★★★,Gr MG36,100,3263300,-,-,x5,,910,910,85,34,36,129,4,0,10,5,10,0,,,,100,,,Locked
136210778,97,HG,★★★★★,M950A,100,3263300,-,-,x5,,380,380,30,55,68,72,15,0,0,20,1,0,,,,100,,,Locked
136212603,20007,HG,★★★★★,Stechkin Mod,110,5263300,-,-,x5,Mod1,420,420,31,50,67,65,15,0,0,20,1,0,,,,100,,,Locked
136214101,288,AR,★★★★,CR-21,100,3263300,-,-,x5,,550,550,48,52,43,81,10,0,0,20,10,0,,,,100,,,Locked
136218848,286,SMG,★★★★,K-PDW,100,3263300,-,-,x5,,900,900,33,14,71,81,12,0,0,5,10,0,,,,100,,,Locked
136219353,20007,HG,★★★★★,Stechkin Mod,110,5263300,-,-,x5,Mod1,420,420,31,50,67,65,15,0,0,20,1,0,,,,100,,,Locked
136219888,97,HG,★★★★★,M950A,100,3263300,-,-,x5,,380,380,30,55,68,72,15,0,0,20,1,0,,,,100,,,Locked
136220397,97,HG,★★★★★,M950A,100,3263300,-,-,x5,,380,380,30,55,68,72,15,0,0,20,1,0,,,,100,,,Locked
136505821,268,RF,★★★,T-CMS,100,3263300,-,-,x5,,440,440,120,75,27,37,7,0,0,40,1,0,,,,100,,,Locked
137300685,20007,HG,★★★★★,Stechkin Mod,110,5263300,-,-,x5,Mod1,420,420,31,50,67,65,15,0,0,20,1,0,,,,100,,,Locked
138098153,1023,SMG,★★★★★,Henrietta,100,3263300,-,-,x5,,950,950,30,15,83,93,12,0,0,5,10,0,,,,100,,,Locked
138216218,1027,AR,★★★★★,Angelica,100,3263300,-,-,x5,,605,605,55,57,46,75,10,0,0,30,10,0,,,,150,Oathed,2022-09-15 18:47,Locked
138236500,1024,RF,★★★★★,Rico,100,3263300,-,-,x5,,400,400,130,80,33,37,7,0,0,40,10,0,,,Duelling Cards,150,Oathed,2020-10-28 10:48,Locked
138249199,1026,MG,★★★★★,Claes,100,3263300,-,-,x5,,785,785,79,35,36,139,4,0,8,5,1,0,,,,100,,,Locked
138481763,1025,SG,★★★★★,Triela,100,3263300,-,-,x5,,1265,1265,37,12,12,26,6,21,4,40,10,0,,Bayonet,,100,,,Locked
138959606,271,MG,★★★,K3,100,3263300,-,-,x5,,825,825,78,30,35,134,4,0,9,5,1,0,,,,100,,,Locked
139664539,224,SMG,★★★★★,PM-06,100,3263300,-,-,x5,,950,950,29,15,75,83,12,0,0,5,10,0,,,,100,,,Locked
139671417,20007,HG,★★★★★,Stechkin Mod,110,5263300,-,-,x5,Mod1,420,420,31,50,67,65,15,0,0,20,1,0,,,,100,,,Locked
140024534,266,RF,★★★★★,R93,100,3263300,-,-,x5,,405,405,133,97,34,39,7,0,0,40,1,0,,,,100,,,Locked
141529880,97,HG,★★★★★,M950A,100,3263300,-,-,x5,,380,380,30,55,68,72,15,0,0,20,1,0,,,,100,,,Locked
142213882,279,AR,★★★,INSAS,100,3263300,-,-,x5,,550,550,49,52,45,71,10,0,0,20,1,0,,,,100,,,Locked
142506542,278,SG,★★★,Six12,100,3263300,-,-,x5,,1210,1210,34,13,13,30,6,20,4,40,1,0,,,,100,,,Locked
142641662,275,MG,★★★★,M1895 CB,100,3263300,-,-,x5,,950,950,90,26,23,131,4,0,10,5,10,0,,,,100,,,Locked
142739270,272,HG,★★★★★,Desert Eagle,100,3263300,-,-,x5,,365,365,41,57,66,55,15,0,0,40,10,0,,,,150,Oathed,2021-05-30 17:25,Locked
142770888,276,MG,★★★★★,Kord,100,3263300,-,-,x5,,990,990,109,22,21,110,4,0,9,5,10,0,M1022 Sniper Rounds,EOT 518,IOP Maximum Ammo Box,150,Oathed,2021-05-30 17:30,Locked
142835434,273,RF,★★★★,SSG3000,100,3263300,-,-,x5,,440,440,126,77,30,37,7,0,0,40,10,0,,,,100,,,Locked
142853827,250,HG,★★★★★,HS2000,100,3263300,-,-,x5,,360,360,33,61,87,62,15,0,0,20,10,0,,,,100,,,Locked
142878574,276,MG,★★★★★,Kord,100,3263300,-,-,x5,,990,990,109,22,21,110,4,0,9,5,10,0,,,,100,,,Locked
142987770,287,AR,★★★★★,SIG-556,100,3263300,-,-,x5,,605,605,51,46,45,76,10,0,0,20,10,0,,,,100,,,Locked
143067786,250,HG,★★★★★,HS2000,100,3263300,-,-,x5,,360,360,33,61,87,62,15,0,0,20,10,0,,,,100,,,Locked
143139662,250,HG,★★★★★,HS2000,100,3263300,-,-,x5,,360,360,33,61,87,62,15,0,0,20,10,0,,,,100,,,Locked
143350906,274,AR,★★★★★,ACR,100,3263300,-,-,x5,,580,580,54,54,48,77,10,0,0,30,10,0,,,,150,Oathed,2022-09-15 18:51,Locked
144591170,283,SG,★★★★,Liberator,100,3263300,-,-,x5,,1155,1155,36,12,15,30,6,21,4,40,1,0,,,,100,,,Locked
144925688,20007,HG,★★★★★,Stechkin Mod,110,5263300,-,-,x5,Mod1,420,420,31,50,67,65,15,0,0,20,1,0,,,,100,,,Locked
145417940,284,RF,★★★,Zas M76,100,3263300,-,-,x5,,420,420,110,78,35,37,7,0,0,40,1,0,,,,100,,,Locked
145590509,257,RF,★★★★★,M200,100,3263300,-,-,x5,,440,440,145,96,31,34,7,0,0,40,10,0,,,,100,,,Locked
145704125,251,SMG,★★★★★,X95,100,3263300,-,-,x5,,970,970,34,13,67,90,12,0,0,5,1,0,,,,100,,,Locked
145704206,211,RF,★★★★★,SRS,100,3263300,-,-,x5,,435,435,135,82,35,35,7,0,0,40,1,0,,,,100,,,Locked
147923582,291,SMG,★★★,43M,100,3263300,-,-,x5,,925,925,30,13,56,89,12,0,0,5,1,0,,,,100,,,Locked
148376807,280,SMG,★★★★,MAT-49,100,3263300,-,-,x5,,925,925,29,14,73,80,12,0,0,5,1,0,,,,100,,,Locked
149020714,50,RF,★★★★★,Lee Enfield,100,3263300,-,-,x5,,400,400,135,78,40,36,7,0,0,40,10,0,,,,150,Oathed,2021-05-30 17:20,Locked
149406737,1028,SMG,★★★★★,Agent Vector,100,3263300,-,-,x5,,925,925,30,11,71,101,12,0,0,5,10,0,Go-Bag "V",.45 Hollow Point Ammo (Incendiary),Osprey 45 Silencer,100,,,Locked
149407049,1029,AR,★★★★★,Agent 416,100,3263300,-,-,x5,,605,605,51,46,44,76,10,0,0,20,10,0,ACOG (4X),556 High-Velocity Ammo (Explosive),416's Go-Bag,100,,,Locked
150734900,285,HG,★★★★★,C-93,100,3263300,-,-,x5,,315,315,33,62,98,64,15,0,0,20,10,0,,,,100,,,Locked
151141562,299,SG,★★★,HSM10,100,3263300,-,-,x5,,1235,1235,34,13,12,27,6,21,4,40,1,0,,,,100,,,Locked
152097489,298,AR,★★★,Vepr,100,3263300,-,-,x5,,550,550,48,49,47,71,10,0,0,20,10,0,,,,100,,,Locked
152917069,98,HG,★★★★,SPP-1,100,3263300,-,-,x5,,380,380,35,61,75,48,15,0,0,20,1,0,,,,100,,,Locked
153154049,259,SMG,★★★★★,PM-9,100,3263300,-,-,x5,,880,880,28,13,85,102,12,0,0,5,10,0,,,,100,,,Locked
153159101,306,AR,★★★★★,AK-Alfa,100,3263300,-,-,x5,,580,580,56,53,52,75,10,0,0,20,10,0,,,,150,Oathed,2022-09-15 18:44,Locked
153159318,307,MG,★★★★★,ZB-26,100,3263300,-,-,x5,,910,910,100,30,31,116,4,0,9,5,10,0,,,,100,,,Locked
153162118,305,RF,★★★★,Tabuk,100,3263300,-,-,x5,,420,420,115,81,36,39,7,0,0,40,10,0,,,,100,,,Locked
153325080,300,MG,★★★,CAR,100,3263300,-,-,x5,,825,825,93,32,29,112,4,0,8,5,1,0,,,,100,,,Locked
155526790,20,SMG,★★★★★,Vector,100,3263300,-,-,x1,,185,184,30,11,71,101,12,0,0,5,10,0,#2 Processor,16Lab Hollow-Point,EOT 518,100,,,Locked
155717618,301,SMG,★★★,MAS-38,100,3263300,-,-,x5,,950,950,26,13,72,83,12,0,0,5,1,0,,,,100,,,Locked
156147178,296,RF,★★★★★,Gr SL8,100,3263300,-,-,x5,,425,425,120,78,39,41,7,0,0,40,10,0,,,,100,,,Locked
156376858,294,HG,★★★★★,Webley,100,3263300,-,-,x5,,430,430,29,66,81,57,15,0,0,20,10,0,,,,100,,,Locked
156390161,281,SG,★★★★★,CAWS,100,3263300,-,-,x5,,1235,1235,30,12,13,35,6,23,5,40,1,0,,,,100,,,Locked
156654187,293,AR,★★★★★,AK-15,100,3263300,-,-,x5,,550,550,58,52,51,77,10,0,0,20,10,0,,,,150,Oathed,2021-05-08 21:55,Locked
156658594,292,MG,★★★★★,RPK-16,100,3263300,-,-,x5,,825,825,85,37,36,129,4,0,10,5,10,0,,,,150,Oathed,2021-05-08 21:56,Locked
157166366,297,AR,★★★★,FI M82,100,3263300,-,-,x5,,565,565,51,45,46,75,10,0,0,20,10,0,,,,100,,,Locked
157174221,295,SMG,★★★★,CF-05,100,3263300,-,-,x5,,950,950,26,13,73,87,12,0,0,5,10,0,,,,100,,,Locked
157298052,20,SMG,★★★★★,Vector,100,3263300,-,-,x1,,185,184,30,11,71,101,12,0,0,5,10,0,#2 Processor,ILM Hollow-Point Ammo,EOT 518,100,,,Locked
157501446,282,SG,★★★★★,DP-12,100,3263300,-,-,x5,,1265,1265,31,13,13,30,6,23,5,40,10,0,,,,100,,,Locked
158856126,309,HG,★★★,WKp,100,3263300,-,-,x5,,400,400,41,49,65,44,15,0,0,20,1,0,,,,100,,,Locked
158948716,289,AR,★★★★★,R5,100,3263300,-,-,x5,,620,620,55,54,43,76,10,0,0,20,10,0,,,,150,Oathed,2022-09-15 18:50,Locked
159153588,20095,RF,★★★★,Type88 Mod,115,10823306,0,0,x5,Mod3,520,520,117,68,38,37,7,0,0,40,10,10,Magnetic Accelerated Rounds,Acceleration Coil,,200,Oathed,2021-05-30 17:35,Locked
159164526,275,MG,★★★★,M1895 CB,100,3263300,-,-,x5,,950,950,90,26,23,131,4,0,10,5,10,0,,,,100,,,Locked
159227564,20252,RF,★★★★★,KSVK Mod,115,10402462,0,0,x5,Mod3,450,450,164,86,31,32,7,0,0,40,10,10,12.7mm 1SL,,,200,Oathed,2021-05-30 17:33,Locked
161073632,303,HG,★★★★★,HP-35,100,3263300,-,-,x5,,380,380,31,64,89,58,15,0,0,20,10,0,,,,100,,,Locked
161074180,130,AR,★★★★★,Type97,100,3263300,-,-,x5,,580,580,54,51,46,72,10,0,0,20,1,0,,,,100,,,Locked
161074619,20060,AR,★★★★★,AS Val Mod,120,30283300,-,-,x5,Mod3,680,680,43,51,51,76,10,0,0,20,1,1,,,,100,,,Locked
161074923,293,AR,★★★★★,AK-15,100,3263300,-,-,x5,,550,550,58,52,51,77,10,0,0,20,10,0,,,,150,Oathed,2022-05-30 17:52,Locked
161076290,290,AR,★★★★★,89 Shiki,100,3263300,-,-,x5,,605,605,54,48,45,79,10,0,0,20,10,0,,,,150,Oathed,2022-09-15 18:58,Locked
161076789,304,SMG,★★★★,SAF,100,3263300,-,-,x5,,900,900,25,14,69,99,12,0,0,5,1,0,,,,100,,,Locked
161315642,314,AR,★★★,StG-940,100,3263300,-,-,x5,,550,550,50,49,44,69,10,0,0,20,1,0,,,,100,,,Locked
161770856,311,SMG,★★★★★,Lusa,100,3263300,-,-,x5,,1025,1025,29,13,69,94,12,0,0,5,10,0,,,,100,,,Locked
163387620,320,RF,★★★,GM6 Lynx,100,3263300,-,-,x5,,420,420,135,75,30,33,7,0,0,40,1,0,,,,100,,,Locked
163815206,303,HG,★★★★★,HP-35,100,3263300,-,-,x5,,380,380,31,64,89,58,15,0,0,20,10,0,,,,100,,,Locked
164158884,1009,HG,★★★★★,El Clear,100,3263300,-,-,x5,,330,330,31,62,88,61,15,0,0,20,10,0,Glorylight,,,100,,,Locked
164234133,1010,HG,★★★★★,El Fail,100,3263300,-,-,x5,,330,330,31,62,88,61,15,0,0,20,1,0,Black Cat,,,100,,,Locked
165360259,321,SG,★★★,TS12,100,3263300,-,-,x5,,1210,1210,34,13,11,30,6,21,3,40,1,0,,,,100,,,Locked
165668481,303,HG,★★★★★,HP-35,100,3263300,-,-,x5,,380,380,31,64,89,58,15,0,0,20,1,0,,,,100,,,Locked
166276577,285,HG,★★★★★,C-93,100,3263300,-,-,x5,,315,315,33,62,98,64,15,0,0,20,1,0,,,,100,,,Locked
166746238,340,AR,★★★★★,TKB-408,100,3263300,-,-,x5,,580,580,55,51,48,72,10,0,0,20,10,0,,,,100,,,Locked
166906500,325,SG,★★★★,PM5,100,3263300,-,-,x5,,1190,1190,34,12,15,29,6,20,5,40,1,0,,,,100,,,Locked
166906515,326,SG,★★★★,512,100,3263300,-,-,x5,,1280,1280,37,15,13,31,6,20,3,40,1,0,,,,100,,,Locked
166906549,323,SG,★★★★★,LTLX7000,100,3263300,-,-,x5,,1375,1375,23,14,11,28,6,25,5,40,10,0,,,,100,,,Locked
166906575,160,SG,★★★★★,Saiga-12,100,3263300,-,-,x5,,1320,1320,29,12,11,35,6,23,5,40,1,0,,,,100,,,Locked
166906607,153,SG,★★★★,M37,100,3263300,-,-,x5,,1265,1265,33,12,12,26,6,22,4,40,1,0,,,,100,,,Locked
166906625,20026,SMG,★★★★★,Gr MP5 Mod,118,23785920,4502620,497380,x5,Mod3,900,895,31,14,71,90,12,0,0,5,10,10,GSG UX Exoskeleton,,LED Weapon Light,200,Oathed,2022-02-23 11:41,Locked
166906677,160,SG,★★★★★,Saiga-12,100,3263300,-,-,x5,,1320,1320,29,12,11,35,6,23,5,40,1,0,,,,100,,,Locked
166906708,20026,SMG,★★★★★,Gr MP5 Mod,115,10083300,0,0,x5,Mod3,900,900,31,14,71,90,12,0,0,5,4,1,GSG UX Exoskeleton,,LED Weapon Light,200,Oathed,2022-02-24 16:41,Locked
166906714,20026,SMG,★★★★★,Gr MP5 Mod,115,10083300,0,0,x5,Mod3,900,900,31,14,71,90,12,0,0,5,4,1,GSG UX Exoskeleton,,LED Weapon Light,200,Oathed,2022-02-25 07:07,Locked
166906720,155,SG,★★★★,M590,100,3263300,-,-,x5,,1320,1320,32,11,10,31,6,22,4,40,1,0,,,,100,,,Locked
166906733,162,SG,★★★★,SPAS-12,100,3263300,-,-,x5,,1375,1375,33,11,9,32,6,21,4,40,1,0,,,,100,,,Locked
166916446,20060,AR,★★★★★,AS Val Mod,110,5263300,-,-,x5,Mod1,670,670,42,50,50,75,10,0,0,20,1,0,,,,100,,,Locked
166919645,184,RF,★★★★,T-5000,100,3263300,-,-,x5,,450,450,126,85,28,36,7,0,0,40,1,0,,,,100,,,Locked
167100702,322,HG,★★★,QSB-91,100,3263300,-,-,x5,,350,350,36,58,72,53,15,0,0,20,1,0,,,,100,,,Locked
167134157,156,SG,★★★★,Super-Shorty,100,3263300,-,-,x5,,1210,1210,28,14,19,30,6,20,3,40,1,0,,,,100,,,Locked
167496963,282,SG,★★★★★,DP-12,100,3263300,-,-,x5,,1265,1265,31,13,13,30,6,23,5,40,1,0,,,,100,,,Locked
167532005,20252,RF,★★★★★,KSVK Mod,115,10083300,0,0,x5,Mod3,450,450,164,86,31,32,7,0,0,40,1,1,,,,200,Oathed,2022-02-25 10:51,Locked
167749660,20252,RF,★★★★★,KSVK Mod,115,10083300,0,0,x5,Mod3,450,450,164,86,31,32,7,0,0,40,1,1,,,,200,Oathed,2022-02-25 22:02,Locked
167873302,225,SMG,★★★★,Cx4 Storm,100,3263300,-,-,x5,,900,900,34,16,74,64,12,0,0,5,1,0,,,,100,,,Locked
167967236,162,SG,★★★★,SPAS-12,100,3263300,-,-,x5,,1375,1375,33,11,9,32,6,21,4,40,1,0,,,,100,,,Locked
168072480,222,RF,★★★★★,TAC-50,100,3263300,-,-,x5,,435,435,155,83,31,32,7,0,0,40,1,0,,,,100,,,Locked
168088012,222,RF,★★★★★,TAC-50,100,3263300,-,-,x5,,435,435,155,83,31,32,7,0,0,40,1,0,,,,100,,,Locked
168088068,222,RF,★★★★★,TAC-50,100,3263300,-,-,x5,,435,435,155,83,31,32,7,0,0,40,1,0,,,,100,,,Locked
168094602,59,SMG,★★★★★,AK-74U,100,3263300,-,-,x5,,970,970,35,13,67,83,12,0,0,5,1,0,,,,100,,,Locked
168342284,20252,RF,★★★★★,KSVK Mod,115,10083300,0,0,x5,Mod3,450,450,164,86,31,32,7,0,0,40,1,1,,,,200,Oathed,2022-02-26 09:51,Locked
168434976,207,AR,★★★★,CZ2000,100,3263300,-,-,x5,,550,550,48,44,46,78,10,0,0,20,1,0,,,,100,,,Locked
168521460,296,RF,★★★★★,Gr SL8,100,3263300,-,-,x5,,425,425,120,78,39,41,7,0,0,40,1,0,,,,100,,,Locked
168590028,207,AR,★★★★,CZ2000,100,3263300,-,-,x5,,550,550,48,44,46,78,10,0,0,20,1,0,,,,100,,,Locked
168661341,237,AR,★★★★,SAR-21,100,3263300,-,-,x5,,580,580,44,46,38,80,10,0,0,20,1,0,,,,100,,,Locked
168661381,20039,RF,★★★★★,Mosin-Nagant Mod,120,30283300,-,-,x5,Mod3,455,455,136,89,40,31,7,0,0,40,1,1,,,,100,,,Locked
168661423,43,RF,★★★★,SVD,100,3263300,-,-,x5,,400,400,130,80,33,37,7,0,0,40,1,0,,,,100,,,Locked
168661432,235,RF,★★★★,SPR A3G,100,3263300,-,-,x5,,435,435,130,83,31,35,7,0,0,40,1,0,,,,100,,,Locked
168661525,42,RF,★★★★,PTRD,100,3263300,-,-,x5,,465,465,159,75,29,28,7,0,0,40,1,0,,,,100,,,Locked
168661580,197,RF,★★★★★,Carcano M1891,100,3263300,-,-,x5,,400,400,138,85,42,34,7,0,0,40,1,0,,,,100,,,Locked
168661598,50,RF,★★★★★,Lee Enfield,100,3263300,-,-,x5,,400,400,135,78,40,36,7,0,0,40,1,0,,,,150,Oathed,2022-02-14 20:16,Locked
168661628,305,RF,★★★★,Tabuk,100,3263300,-,-,x5,,420,420,115,81,36,39,7,0,0,40,1,0,,,,100,,,Locked
168661630,329,RF,★★★★★,SVCh,100,3263300,-,-,x5,,435,435,144,97,30,35,7,0,0,40,10,0,,,,100,,,Locked
168661678,261,RF,★★★★★,QBU-88,100,3263300,-,-,x5,,420,420,126,87,41,42,7,0,0,40,1,0,,,,100,,,Locked
168661737,247,RF,★★★★,K31,100,3263300,-,-,x5,,390,390,126,78,37,39,7,0,0,40,1,0,,,,100,,,Locked
168661816,36,RF,★★★★,Springfield,100,3263300,-,-,x5,,420,420,128,72,40,32,7,0,0,40,1,0,,,,100,,,Locked
168661848,262,AR,★★★★,EM-2,100,3263300,-,-,x5,,595,595,57,48,48,61,10,0,0,20,1,0,,,,100,,,Locked
168661906,118,AR,★★★★,9A-91,100,3263300,-,-,x5,,580,580,42,49,50,78,10,0,0,20,1,0,,,,100,,,Locked
168662090,261,RF,★★★★★,QBU-88,100,3263300,-,-,x5,,420,420,126,87,41,42,7,0,0,40,1,0,,,,100,,,Locked
168662462,36,RF,★★★★,Springfield,100,3263300,-,-,x5,,420,420,128,72,40,32,7,0,0,40,1,0,,,,100,,,Locked
168662507,20095,RF,★★★★,Type88 Mod,115,10141446,0,0,x5,Mod3,520,520,117,68,38,37,7,0,0,40,10,10,Magnetic Accelerated Rounds,Acceleration Coil,,200,Oathed,2022-02-22 21:25,Locked
168662519,66,AR,★★★★,Type56-1,100,3263300,-,-,x5,,690,690,53,35,35,69,10,0,0,20,1,0,,,,100,,,Locked
168662619,270,RF,★★★★,4 Shiki,100,3263300,-,-,x5,,420,420,112,74,37,39,7,0,0,40,1,0,,,,100,,,Locked
168662714,48,RF,★★★★★,WA2000,100,3263300,-,-,x5,,440,440,130,82,30,39,7,0,0,40,1,0,,,,100,,,Locked
168662752,197,RF,★★★★★,Carcano M1891,100,3263300,-,-,x5,,400,400,138,85,42,34,7,0,0,40,1,0,,,,100,,,Locked
168663172,216,AR,★★★★,XM8,100,3263300,-,-,x5,,540,540,48,46,42,79,10,0,0,20,1,0,,,,100,,,Locked
168663426,20039,RF,★★★★★,Mosin-Nagant Mod,115,10083300,0,0,x5,Mod3,450,450,135,88,39,31,7,0,0,40,1,1,,K6-24X56,,100,,,Locked
168663717,69,AR,★★★★,Fr FAMAS,100,3263300,-,-,x5,,605,605,44,48,40,81,10,0,0,20,1,0,,,,100,,,Locked
168663753,65,AR,★★★★★,416,100,3263300,-,-,x5,,605,605,51,46,44,76,10,0,0,20,1,0,,,,100,,,Locked
168663758,261,RF,★★★★★,QBU-88,100,3263300,-,-,x5,,420,420,126,87,41,42,7,0,0,40,1,0,,,,100,,,Locked
168663804,198,RF,★★★★★,Carcano M91/38,100,3263300,-,-,x5,,365,365,146,90,44,34,7,0,0,40,10,0,,,,150,Oathed,2022-02-14 20:18,Locked
168663864,53,RF,★★★★★,NTW-20,100,3263300,-,-,x5,,465,465,165,75,29,30,7,0,0,40,1,0,,,,100,,,Locked
168663977,270,RF,★★★★,4 Shiki,100,3263300,-,-,x5,,420,420,112,74,37,39,7,0,0,40,1,0,,,,100,,,Locked
168664143,16,SMG,★★★★★,Thompson,100,3263300,-,-,x5,,1190,1190,31,12,56,82,12,0,0,5,1,0,,,,100,,,Locked
168664281,329,RF,★★★★★,SVCh,100,3263300,-,-,x5,,435,435,144,97,30,35,7,0,0,40,1,0,,,,100,,,Locked
168664698,337,RF,★★★★★,De Lisle,100,3263300,-,-,x5,,510,510,109,87,38,37,7,0,0,40,10,0,,,,100,,,Locked
168689562,72,AR,★★★★,TAR-21,100,3263300,-,-,x5,,525,525,49,48,44,79,10,0,0,20,1,0,,,,100,,,Locked
168733767,20075,MG,★★★★★,M1918 Mod,115,10083300,0,0,x5,Mod3,800,800,100,34,34,115,4,0,8,5,1,1,,CT 4X20,,100,,,Locked
168735218,280,SMG,★★★★,MAT-49,100,3263300,-,-,x5,,925,925,29,14,73,80,12,0,0,5,1,0,,,,100,,,Locked
168826104,215,AR,★★★★★,MDR,100,3263300,-,-,x5,,595,595,56,50,41,76,10,0,0,20,1,0,,,,100,,,Locked
168827598,78,MG,★★★★,M60,100,3263300,-,-,x5,,910,910,92,26,26,111,4,0,9,5,1,0,,,,100,,,Locked
168872787,296,RF,★★★★★,Gr SL8,100,3263300,-,-,x5,,425,425,120,78,39,41,7,0,0,40,1,0,,,,100,,,Locked
168873774,100,HG,★★★★,P7,100,3263300,-,-,x5,,315,315,32,62,83,61,15,0,0,20,1,0,,,,100,,,Locked
168932241,269,HG,★★★★,Gr P30,100,3263300,-,-,x5,,350,350,32,62,85,55,15,0,0,20,1,0,,,,100,,,Locked
169060869,327,SMG,★★★,SUB-2000,100,3263300,-,-,x5,,970,970,26,13,66,84,12,0,0,5,1,0,,,,100,,,Locked
169277125,168,HG,★★★★,Spitfire,100,3263300,-,-,x5,,350,350,33,60,71,59,15,0,0,20,1,0,,,,100,,,Locked
169346577,248,HG,★★★★,Jericho,100,3263300,-,-,x5,,380,380,31,50,64,60,15,0,0,20,1,0,,,,100,,,Locked
169539108,96,HG,★★★★★,Grizzly,100,3263300,-,-,x5,,430,430,38,51,66,54,15,0,0,20,1,0,,,,100,,,Locked
169718649,296,RF,★★★★★,Gr SL8,100,3263300,-,-,x5,,425,425,120,78,39,41,7,0,0,40,1,0,,,,100,,,Locked
169840682,99,HG,★★★★,Gr Mk23,100,3263300,-,-,x5,,400,400,29,53,66,63,15,0,0,20,1,0,,,,100,,,Locked
170317645,38,RF,★★★,M21,100,3263300,-,-,x5,,465,465,118,74,27,35,7,0,0,40,1,0,,,,100,,,Locked
170428994,73,AR,★★★★★,AUG,100,3263300,-,-,x5,,605,605,55,57,46,75,10,0,0,30,1,0,,,,100,,,Locked
170467298,20101,SMG,★★★★★,UMP9 Mod,120,30283300,-,-,x5,Mod3,905,905,29,18,84,87,12,0,0,5,1,1,,,,100,,,Locked
170480270,1031,RF,★★★★★,Pekola,100,3263300,-,-,x5,,440,440,126,80,40,37,7,0,0,40,10,0,,,Donut of Sweet Dreams,150,Oathed,2022-02-14 20:19,Locked
170508123,1032,AR,★★★★★,Medusa,100,3263300,-,-,x5,,605,605,58,57,47,73,10,0,0,30,10,0,,,Paper Bag Helmet,150,Oathed,2022-09-15 18:39,Locked
170509021,20101,SMG,★★★★★,UMP9 Mod,120,30283300,-,-,x5,Mod3,905,905,29,18,84,87,12,0,0,5,1,1,,,,100,,,Locked
170509031,73,AR,★★★★★,AUG,100,3263300,-,-,x5,,605,605,55,57,46,75,10,0,0,30,1,0,,,,100,,,Locked
170509779,20101,SMG,★★★★★,UMP9 Mod,120,30283300,-,-,x5,Mod3,905,905,29,18,84,87,12,0,0,5,1,1,,,,100,,,Locked
170542763,20136,SMG,★★★★★,PP-19 Mod,115,10083300,0,0,x5,Mod3,945,945,27,14,79,91,12,0,0,5,1,1,,,,100,,,Locked
170558997,73,AR,★★★★★,AUG,100,3263300,-,-,x5,,605,605,55,57,46,75,10,0,0,30,1,0,,,,100,,,Locked
170559093,1034,SG,★★★★★,Minos,100,3263300,-,-,x5,,1430,1430,39,12,11,24,6,22,4,40,10,0,,,Demonic Bell,100,,,Locked
170559572,1030,SMG,★★★★★,Jashin-chan,100,3263300,-,-,x5,,1015,1015,26,13,75,81,12,0,0,5,1,0,Miraculous Curry Ladle,,,100,,,Locked
170581773,1033,MG,★★★★★,Hanazono Yurine,100,3263300,-,-,x5,,910,910,93,29,24,128,4,0,10,5,10,0,,Grimoire Vol. II,,100,,,Locked
170582983,20101,SMG,★★★★★,UMP9 Mod,120,30283300,-,-,x5,Mod3,905,905,29,18,84,87,12,0,0,5,1,1,,,,100,,,Locked
170618638,1032,AR,★★★★★,Medusa,100,3263300,-,-,x5,,605,605,58,57,47,73,10,0,0,30,1,0,,,,100,,,Locked
170619233,272,HG,★★★★★,Desert Eagle,100,3263300,-,-,x5,,365,365,41,57,66,55,15,0,0,40,1,0,,,,100,,,Locked
170619384,1034,SG,★★★★★,Minos,100,3263300,-,-,x5,,1430,1430,39,12,11,24,6,22,4,40,1,0,,,,100,,,Locked
170619928,229,SG,★★★★★,M870,100,3263300,-,-,x5,,1320,1320,33,13,12,29,6,23,4,40,1,0,,,,100,,,Locked
170730214,308,RF,★★★,C14,100,3263300,-,-,x5,,465,465,128,77,29,32,7,0,0,40,1,0,,,,100,,,Locked
170821388,229,SG,★★★★★,M870,100,3263300,-,-,x5,,1320,1320,33,13,12,29,6,23,4,40,1,0,,,,100,,,Locked
170964763,250,HG,★★★★★,HS2000,100,3263300,-,-,x5,,360,360,33,61,87,62,15,0,0,20,1,0,,,,100,,,Locked
171106684,250,HG,★★★★★,HS2000,100,3263300,-,-,x5,,360,360,33,61,87,62,15,0,0,20,1,0,,,,100,,,Locked
171106769,250,HG,★★★★★,HS2000,100,3263300,-,-,x5,,360,360,33,61,87,62,15,0,0,20,1,0,,,,100,,,Locked
171601234,126,HG,★★★★★,NZ75,100,3263300,-,-,x5,,365,365,33,62,74,63,15,0,0,20,1,0,,,,100,,,Locked
171749283,303,HG,★★★★★,HP-35,100,3263300,-,-,x5,,380,380,31,64,89,58,15,0,0,20,1,0,,,,100,,,Locked
171828758,114,HG,★★★★★,Welrod MkⅡ,100,3263300,-,-,x5,,400,400,28,71,90,52,15,0,0,40,1,0,,,,100,,,Locked
171966882,302,SG,★★★★,Defender,100,3263300,-,-,x5,,1235,1235,38,13,17,27,6,18,8,40,10,0,,,,100,,,Locked
172066864,125,MG,★★★★★,Gr MG4,100,3263300,-,-,x5,,910,910,84,34,34,139,4,0,9,5,1,0,,,,100,,,Locked
172085363,48,RF,★★★★★,WA2000,100,3263300,-,-,x5,,440,440,130,82,30,39,7,0,0,40,1,0,,,,100,,,Locked
172085919,20095,RF,★★★★,Type88 Mod,115,10190892,0,0,x5,Mod3,520,520,117,68,38,37,7,0,0,40,10,10,Magnetic Accelerated Rounds,Acceleration Coil,,200,Oathed,2022-02-23 15:55,Locked
172086225,48,RF,★★★★★,WA2000,100,3263300,-,-,x5,,440,440,130,82,30,39,7,0,0,40,1,0,,,,100,,,Locked
172086361,118,AR,★★★★,9A-91,100,3263300,-,-,x5,,580,580,42,49,50,78,10,0,0,20,1,0,,,,100,,,Locked
172086503,288,AR,★★★★,CR-21,100,3263300,-,-,x5,,550,550,48,52,43,81,10,0,0,20,1,0,,,,100,,,Locked
172086824,128,RF,★★★★★,M99,100,3263300,-,-,x5,,440,440,157,81,32,32,7,0,0,40,1,0,,,,100,,,Locked
172086924,20095,RF,★★★★,Type88 Mod,115,10083300,0,0,x5,Mod3,520,520,117,68,38,37,7,0,0,40,10,10,Magnetic Accelerated Rounds,Acceleration Coil,,200,Oathed,2022-02-24 21:27,Locked
172087527,197,RF,★★★★★,Carcano M1891,100,3263300,-,-,x5,,400,400,138,85,42,34,7,0,0,40,1,0,,,,100,,,Locked
172088248,312,RF,★★★★★,VSK-94,100,3263300,-,-,x5,,440,440,133,79,32,38,7,0,0,40,10,0,,,,100,,,Locked
172088753,194,AR,★★★★★,K2,100,3263300,-,-,x5,,635,635,50,51,42,78,10,0,0,20,1,0,,,,100,,,Locked
172088891,106,AR,★★★★★,FAL,100,3263300,-,-,x5,,660,660,57,43,38,72,10,0,0,20,1,0,,,,100,,,Locked
172089359,20064,AR,★★★★★,Gr G36 Mod,120,30283300,-,-,x5,Mod3,650,650,51,48,45,76,10,0,0,20,1,1,,,,100,,,Locked
172096990,65,AR,★★★★★,416,100,3263300,-,-,x5,,605,605,51,46,44,76,10,0,0,20,1,0,,,,100,,,Locked
172097076,306,AR,★★★★★,AK-Alfa,100,3263300,-,-,x5,,580,580,56,53,52,75,10,0,0,20,1,0,,,,100,,,Locked
172097083,62,AR,★★★★★,Gr G41,100,3263300,-,-,x5,,635,635,50,48,40,77,10,0,0,20,1,0,,,,100,,,Locked
172097339,171,AR,★★★★,Ribeyrolles,100,3263300,-,-,x5,,550,550,64,44,40,63,10,0,0,20,10,0,,,,150,Oathed,2022-05-30 17:59,Locked
172097352,287,AR,★★★★★,SIG-556,100,3263300,-,-,x5,,605,605,51,46,45,76,10,0,0,20,1,0,,,,100,,,Locked
172097374,129,AR,★★★★★,Type95,100,3263300,-,-,x5,,580,580,55,52,46,71,10,0,0,20,1,0,,,,100,,,Locked
172097829,290,AR,★★★★★,89 Shiki,100,3263300,-,-,x5,,605,605,54,48,45,79,10,0,0,20,1,0,,,,100,,,Locked
172098160,313,AR,★★★★★,S-ACR,100,3263300,-,-,x5,,620,620,46,45,42,91,10,0,0,20,10,0,,,,100,,,Locked
172098470,285,HG,★★★★★,C-93,100,3263300,-,-,x5,,315,315,33,62,98,64,15,0,0,20,1,0,,,,100,,,Locked
172101439,303,HG,★★★★★,HP-35,100,3263300,-,-,x5,,380,380,31,64,89,58,15,0,0,20,1,0,,,,100,,,Locked
172101805,310,HG,★★★★,Rex Zero 1,100,3263300,-,-,x5,,350,350,31,56,74,61,15,0,0,20,10,0,,,,100,,,Locked
172347979,203,SMG,★★★★,Honey Badger,100,3263300,-,-,x5,,990,990,33,13,60,82,12,0,0,5,1,0,,,,100,,,Locked
172379636,208,MG,★★★★★,HMG21,100,3263300,-,-,x5,,845,845,92,29,33,135,4,0,10,5,1,0,,,,100,,,Locked
172381044,310,HG,★★★★,Rex Zero 1,100,3263300,-,-,x5,,350,350,31,56,74,61,15,0,0,20,1,0,,,,100,,,Locked
172382110,289,AR,★★★★★,R5,100,3263300,-,-,x5,,620,620,55,54,43,76,10,0,0,20,1,0,,,,100,,,Locked
172582900,302,SG,★★★★,Defender,100,3263300,-,-,x5,,1235,1235,38,13,17,27,6,18,8,40,10,0,,,,100,,,Locked
172925611,303,HG,★★★★★,HP-35,100,3263300,-,-,x5,,380,380,31,64,89,58,15,0,0,20,1,0,,,,100,,,Locked
173193394,19,SMG,★★★,FMG-9,100,3263300,-,-,x5,,705,705,26,13,90,92,12,0,0,5,1,0,,,,100,,,Locked
173619105,303,HG,★★★★★,HP-35,100,3263300,-,-,x5,,380,380,31,64,89,58,15,0,0,20,1,0,,,,100,,,Locked
173727028,303,HG,★★★★★,HP-35,100,3263300,-,-,x5,,380,380,31,64,89,58,15,0,0,20,1,0,,,,100,,,Locked
173934500,114,HG,★★★★★,Welrod MkⅡ,100,3263300,-,-,x5,,400,400,28,71,90,52,15,0,0,40,1,0,,,,100,,,Locked
174004131,253,MG,★★★★★,Lewis,100,3263300,-,-,x5,,950,950,102,31,31,116,4,0,10,5,1,0,,,,100,,,Locked
174004825,20101,SMG,★★★★★,UMP9 Mod,115,10083300,0,0,x5,Mod3,900,900,29,17,83,87,12,0,0,5,1,1,,,AMP COMPSP,100,,,Locked
174048896,253,MG,★★★★★,Lewis,100,3263300,-,-,x5,,950,950,102,31,31,116,4,0,10,5,1,0,,,,100,,,Locked
174078048,260,HG,★★★★★,PA-15,100,3263300,-,-,x5,,350,350,35,65,76,64,15,0,0,20,1,0,,,,100,,,Locked
175156911,297,AR,★★★★,FI M82,100,3263300,-,-,x5,,565,565,51,45,46,75,10,0,0,20,1,0,,,,100,,,Locked
175371053,316,RF,★★★★★,General Liu,100,3263300,-,-,x5,,400,400,139,88,30,40,7,0,0,40,10,0,,,,150,Oathed,2022-02-14 20:17,Locked
175492132,119,AR,★★★★★,OTs-14,100,3263300,-,-,x5,,550,550,49,54,54,75,10,0,0,20,1,0,,,,100,,,Locked
175537429,319,MG,★★★★,PM1910,100,3263300,-,-,x5,,950,950,90,27,25,104,4,0,10,5,1,0,,,,100,,,Locked
175537570,318,AR,★★★★★,VHS,100,3263300,-,-,x5,,580,580,57,54,47,78,10,0,0,20,10,0,,,,150,Oathed,2022-09-15 18:40,Locked
175537764,324,SG,★★★★★,M6 ASW,100,3263300,-,-,x5,,1300,1300,39,15,14,28,6,22,4,40,1,0,,,,100,,,Locked
175576051,295,SMG,★★★★,CF-05,100,3263300,-,-,x5,,950,950,26,13,73,87,12,0,0,5,1,0,,,,100,,,Locked
175601177,317,RF,★★★★,Mondragon M1908,100,3263300,-,-,x5,,420,420,112,74,34,41,7,0,0,40,1,0,,,Old Camouflage Uniform,100,,,Locked
175601736,316,RF,★★★★★,General Liu,100,3263300,-,-,x5,,400,400,139,88,30,40,7,0,0,40,1,0,,,,100,,,Locked
175604622,119,AR,★★★★★,OTs-14,100,3263300,-,-,x5,,550,550,49,54,54,75,10,0,0,20,1,0,,,,100,,,Locked
175607798,317,RF,★★★★,Mondragon M1908,100,3263300,-,-,x5,,420,420,112,74,34,41,7,0,0,40,1,0,,,,100,,,Locked
175610578,234,SMG,★★★★★,JS 9,100,3263300,-,-,x5,,900,900,27,15,86,89,12,0,0,5,1,0,,,,100,,,Locked
175616743,315,SMG,★★★★★,AUG Para,100,3263300,-,-,x5,,925,925,29,15,83,88,12,0,0,5,1,0,,,,100,,,Locked
175671635,119,AR,★★★★★,OTs-14,100,3263300,-,-,x5,,550,550,49,54,54,75,10,0,0,20,1,0,,,,100,,,Locked
175817437,315,SMG,★★★★★,AUG Para,100,3263300,-,-,x5,,925,925,29,15,83,88,12,0,0,5,1,0,,,,100,,,Locked
176118814,315,SMG,★★★★★,AUG Para,100,3263300,-,-,x5,,925,925,29,15,83,88,12,0,0,5,1,0,,,,100,,,Locked
176172915,179,RF,★★★★★,Gd DSR-50,100,3263300,-,-,x5,,410,410,163,87,33,31,7,0,0,40,1,0,,,,100,,,Locked
176494504,323,SG,★★★★★,LTLX7000,100,3263300,-,-,x5,,1375,1375,23,14,11,28,6,25,5,40,10,0,,,,100,,,Locked
177926524,122,AR,★★★★★,Gr G11,100,3263300,-,-,x5,,605,605,43,44,41,95,10,0,0,20,1,0,,,,100,,,Locked
177926814,20199,MG,★★★★★,Type80 Mod,110,5263300,-,-,x5,Mod1,905,905,97,28,25,119,4,0,10,5,1,0,,,,100,,,Locked
177927000,339,MG,★★★★★,RPK-203,100,3263300,-,-,x5,,825,825,91,34,36,124,4,0,9,5,10,0,,,,100,,,Locked
177927293,338,AR,★★★★★,SIG MCX,100,3263300,-,-,x5,,580,580,49,57,46,83,10,0,0,20,10,0,,,,150,Oathed,2022-09-15 18:53,Locked
177927404,20064,AR,★★★★★,Gr G36 Mod,120,30283300,-,-,x5,Mod3,650,650,51,48,45,76,10,0,0,20,1,1,,,,100,,,Locked
177927532,330,AR,★★★★,FX-05,100,3263300,-,-,x5,,550,550,54,55,47,69,10,0,0,20,10,0,,,,150,Oathed,2022-09-15 18:36,Locked
177927747,20103,SMG,★★★★★,UMP45 Mod,115,10083300,-,-,x5,Mod2,970,970,29,14,76,83,12,0,0,5,1,1,,,,100,,,Locked
177927955,328,SMG,★★★★,AR-57,100,3263300,-,-,x5,,915,915,26,14,74,92,12,0,0,5,1,0,,,,100,,,Locked
177928091,115,SMG,★★★★★,Suomi,100,3263300,-,-,x5,,1100,1100,28,15,56,93,12,0,0,5,1,0,,,,100,,,Locked
177928394,336,SMG,★★★★,PPD-40,100,3263300,-,-,x5,,925,925,26,13,75,88,12,0,0,5,1,0,,,,100,,,Locked
178022424,20075,MG,★★★★★,M1918 Mod,115,10083300,0,0,x5,Mod3,800,800,100,34,34,115,4,0,8,5,1,1,,CT 4X20,,100,,,Locked
178251534,20037,RF,★★★★,M14 Mod,115,10083300,-,-,x5,Mod2,430,430,110,73,28,44,7,0,0,40,1,1,,,,100,,,Locked
178251686,8,HG,★★★,Makarov,100,3263300,-,-,x5,,315,315,26,61,96,61,15,0,0,20,1,0,,,,100,,,Locked
178251717,8,HG,★★★,Makarov,100,3263300,-,-,x5,,315,315,26,61,96,61,15,0,0,20,1,0,,,,100,,,Locked
178251836,102,SMG,★★★★,UMP40,100,3263300,-,-,x5,,900,900,27,14,75,85,12,0,0,5,1,0,,,,100,,,Locked
178254482,6,HG,★★★,Tokarev,100,3263300,-,-,x5,,430,430,31,47,66,52,15,0,0,20,1,0,,,,100,,,Locked
178261972,20044,RF,★★★★,SV-98 Mod,110,5263300,-,-,x5,Mod1,425,425,126,80,29,37,7,0,0,40,1,0,,,,100,,,Locked
178262237,6,HG,★★★,Tokarev,100,3263300,-,-,x5,,430,430,31,47,66,52,15,0,0,20,1,0,,,,100,,,Locked
178264808,80,MG,★★★,M1919A4,100,3263300,-,-,x5,,910,910,96,26,22,99,4,0,9,5,1,0,,,,100,,,Locked
178284322,20089,MG,★★★★,Bren Mod,110,5263300,-,-,x5,Mod1,880,880,96,33,29,103,4,0,8,5,1,0,,,,100,,,Locked
178284352,20029,SMG,★★★★,STEN MkⅡ Mod,115,10083300,-,-,x5,Mod2,970,970,29,17,78,86,12,0,0,5,1,1,,,,100,,,Locked
178323381,294,HG,★★★★★,Webley,100,3263300,-,-,x5,,430,430,29,66,81,57,15,0,0,20,10,0,,,,100,,,Locked
178329415,88,MG,★★★★,MG3,100,3263300,-,-,x5,,990,990,85,26,21,130,4,0,10,5,1,0,,,,100,,,Locked
178330717,70,AR,★★★,FF FNC,100,3263300,-,-,x5,,550,550,51,46,37,73,10,0,0,20,1,0,,,,100,,,Locked
178352595,294,HG,★★★★★,Webley,100,3263300,-,-,x5,,430,430,29,66,81,57,15,0,0,20,10,0,,,,100,,,Locked
178502035,70,AR,★★★,FF FNC,100,3263300,-,-,x5,,550,550,51,46,37,73,10,0,0,20,1,0,,,,100,,,Locked
179731030,34,RF,★★★,M1 Garand,100,3263300,-,-,x5,,440,440,120,62,28,37,7,0,0,40,1,0,,,,100,,,Locked
180041482,20002,HG,★★★★,M1911 Mod,110,5263300,-,-,x5,Mod1,370,370,28,51,76,58,15,0,0,20,1,0,,,,100,,,Locked
180097577,20063,AR,★★★★,Gr G3 Mod,115,10083300,-,-,x5,Mod2,565,565,58,54,39,64,10,0,0,20,1,1,,,,100,,,Locked
180271113,20081,MG,★★★★,LWMMG Mod,120,30283300,-,-,x5,Mod3,890,890,103,27,24,92,4,0,10,5,1,1,,,,100,,,Locked
180271377,20051,RF,★★★★,FF FN49 Mod,120,30283300,-,-,x5,Mod3,475,475,120,64,33,34,7,0,0,40,1,1,,,,100,,,Locked
180324342,20091,HG,★★★★,MP-446 Mod,115,10083300,-,-,x5,Mod2,340,340,30,57,79,60,15,0,0,20,1,1,,,,100,,,Locked
180324465,20094,SMG,★★★★,Type64 Mod,120,30283300,-,-,x5,Mod3,905,905,28,12,70,93,12,0,0,5,1,1,,,,100,,,Locked
180324490,20005,HG,★★★★,M1895 Mod,115,10083300,-,-,x5,Mod2,355,355,35,48,99,45,15,0,0,20,1,1,,,,100,,,Locked
180324541,20093,SMG,★★★★,IDW Mod,120,30283300,-,-,x5,Mod3,770,770,27,16,92,75,12,0,0,5,1,1,,,,100,,,Locked
180325306,20091,HG,★★★★,MP-446 Mod,115,10083300,-,-,x5,Mod2,340,340,30,57,79,60,15,0,0,20,1,1,,,,100,,,Locked
180325377,20093,SMG,★★★★,IDW Mod,120,30283300,-,-,x5,Mod3,770,770,27,16,92,75,12,0,0,5,1,1,,,,100,,,Locked
180325488,21,SMG,★★,PPSh-41,100,3263300,-,-,x5,,970,970,26,11,56,93,12,0,0,5,1,0,,,,100,,,Locked
180325786,20094,SMG,★★★★,Type64 Mod,120,30283300,-,-,x5,Mod3,905,905,28,12,70,93,12,0,0,5,1,1,,,,100,,,Locked
180326308,20093,SMG,★★★★,IDW Mod,120,30283300,-,-,x5,Mod3,770,770,27,16,92,75,12,0,0,5,1,1,,,,100,,,Locked
180326811,20094,SMG,★★★★,Type64 Mod,120,30283300,-,-,x5,Mod3,905,905,28,12,70,93,12,0,0,5,1,1,,,,100,,,Locked
180327005,21,SMG,★★,PPSh-41,100,3263300,-,-,x5,,970,970,26,11,56,93,12,0,0,5,1,0,,,,100,,,Locked
180461310,167,HG,★★★,Gr HK45,100,3263300,-,-,x5,,330,330,34,58,80,55,15,0,0,20,1,0,,,,100,,,Locked
180521291,131,SMG,★★★,EVO 3,100,3263300,-,-,x5,,970,970,23,13,68,93,12,0,0,5,1,0,,,,100,,,Locked
180528249,131,SMG,★★★,EVO 3,100,3263300,-,-,x5,,970,970,23,13,68,93,12,0,0,5,1,0,,,,100,,,Locked
180614639,20178,SMG,★★★★,F1 Mod,110,5263300,-,-,x5,Mod1,1070,1070,27,14,62,79,12,0,0,5,1,0,,,,100,,,Locked
180672871,20178,SMG,★★★★,F1 Mod,110,5263300,-,-,x5,Mod1,1070,1070,27,14,62,79,12,0,0,5,1,0,,,,100,,,Locked
180726437,20081,MG,★★★★,LWMMG Mod,120,30283300,-,-,x5,Mod3,890,890,103,27,24,92,4,0,10,5,1,1,,,,100,,,Locked
180728576,20049,RF,★★★★,Type56R Mod,115,10083300,-,-,x5,Mod2,475,475,110,70,37,37,7,0,0,40,10,1,,,,150,Oathed,2022-05-30 17:43,Locked
180732421,220,HG,★★★,MP-443,100,3263300,-,-,x5,,350,350,33,53,71,59,15,0,0,20,1,0,,,,100,,,Locked
180733253,20081,MG,★★★★,LWMMG Mod,117,16403100,1119800,2880200,x5,Mod3,885,862,103,27,24,92,4,0,10,5,1,1,,MGO 6X48,,100,,,Locked
180733455,20051,RF,★★★★,FF FN49 Mod,120,30283300,-,-,x5,Mod3,475,475,120,64,33,34,7,0,0,40,1,1,,,,100,,,Locked
180733575,20081,MG,★★★★,LWMMG Mod,110,5263300,-,-,x5,Mod1,880,880,102,27,24,92,4,0,10,5,1,0,,,,100,,,Locked
180735711,187,AR,★★★★,Ak 5,100,3263300,-,-,x5,,580,580,51,48,38,75,10,0,0,20,1,0,,,,100,,,Locked
180923733,146,RF,★★★★,Gr G28,100,3263300,-,-,x5,,440,440,119,80,29,39,7,0,0,40,1,0,,,,100,,,Locked
180924229,145,RF,★★★,OTs-44,100,3263300,-,-,x5,,400,400,157,67,32,32,7,0,0,40,1,0,,,,100,,,Locked
181029604,159,SG,★★★,RMB-93,100,3263300,-,-,x5,,1210,1210,30,11,13,28,6,22,4,40,10,0,,,,100,,,Locked
181029621,159,SG,★★★,RMB-93,100,3263300,-,-,x5,,1210,1210,30,11,13,28,6,22,4,40,1,0,,,,100,,,Locked
181029631,352,SG,★★★★,Nova,100,3263300,-,-,x5,,1320,1320,31,13,16,29,6,19,7,40,10,0,,,,100,,,Locked
181029643,353,SG,★★★★,MAG-7,100,3263300,-,-,x5,,1210,1210,44,15,10,26,6,20,5,40,1,0,,,,100,,,Locked
181029684,324,SG,★★★★★,M6 ASW,100,3263300,-,-,x5,,1300,1300,39,15,14,28,6,22,4,40,1,0,,,,100,,,Locked
181029693,20154,SG,★★★★,M500 Mod,115,10083300,0,0,x5,Mod3,1345,1345,33,12,10,29,6,22,4,40,10,10,,,MGP Upgrade Kit,100,,,Locked
181029750,20152,SG,★★★★,M1897 Mod,110,5263300,-,-,x5,Mod1,1340,1340,36,12,11,26,6,22,4,40,1,0,,,,100,,,Locked
181029818,188,SG,★★★★★,S.A.T.8,100,3263300,-,-,x1,,282,282,29,13,12,33,6,22,4,40,1,0,,,,100,,,Locked
181029879,189,SG,★★★★,USAS-12,100,3263300,-,-,x5,,1300,1300,29,11,10,37,6,22,5,40,1,0,,,,100,,,Locked
181029911,122,AR,★★★★★,Gr G11,100,3263300,-,-,x5,,605,605,43,44,41,95,10,0,0,20,1,0,,,,100,,,Locked
181029932,53,RF,★★★★★,NTW-20,100,3263300,-,-,x5,,465,465,165,75,29,30,7,0,0,40,1,0,,,,100,,,Locked
181029965,350,SG,★★★★★,FO-12,100,3263300,-,-,x5,,1280,1280,30,13,11,36,6,23,5,40,1,0,,,,100,,,Locked
181055160,351,SG,★★★★★,M26-MASS,100,3263300,-,-,x1,,253,253,35,15,14,30,6,22,5,40,1,0,Type 3 Armor Plate,Shotgun Flash Shells,EOT 518,100,,,Locked
181055177,160,SG,★★★★★,Saiga-12,100,3263300,-,-,x5,,1320,1320,29,12,11,35,6,23,5,40,1,0,,,,100,,,Locked
181055181,164,SG,★★★★★,FP-6,100,3263300,-,-,x1,,260,260,31,13,12,28,6,24,4,40,1,0,,,,100,,,Locked
181055189,353,SG,★★★★,MAG-7,100,3263300,-,-,x5,,1210,1210,44,15,10,26,6,20,5,40,1,0,,,,100,,,Locked
181071782,79,MG,★★★,FF M249SAW,100,3263300,-,-,x5,,785,785,79,35,36,139,4,0,8,5,1,0,,,,100,,,Locked
181318125,1022,SG,★★★★★,Dana Zane,100,3263300,-,-,x5,,1345,1345,38,15,13,26,6,22,1,40,1,0,,,,100,,,Locked
181318198,1017,HG,★★★★★,Jill Stingray,100,3263300,-,-,x5,,400,400,30,53,96,55,15,0,0,20,1,0,Karmotrine,Karmotrine,Karmotrine,100,,,Locked
181319640,1018,HG,★★★★★,Sei Asagiri,100,3263300,-,-,x5,,425,425,30,59,77,53,15,0,0,20,1,0,,,,100,,,Locked
181321540,1020,RF,★★★★★,Stella Hoshii,100,3263300,-,-,x5,,450,450,117,84,36,35,7,0,0,40,1,0,,,,100,,,Locked
181343249,1021,MG,★★★★★,Alma Armas,100,3263300,-,-,x5,,975,975,89,31,23,129,4,0,9,5,1,0,,,,100,,,Locked
181343259,1019,SMG,★★★★★,Dorothy Haze,100,3263300,-,-,x5,,880,880,28,15,87,79,12,0,0,5,1,0,,,,100,,,Locked
181418444,20136,SMG,★★★★★,PP-19 Mod,115,10083300,-,-,x5,Mod2,945,945,27,14,79,91,12,0,0,5,1,1,,,,100,,,Locked
181423512,88,MG,★★★★,MG3,100,3263300,-,-,x5,,990,990,85,26,21,130,4,0,10,5,1,0,,,,100,,,Locked
181480707,146,RF,★★★★,Gr G28,100,3263300,-,-,x5,,440,440,119,80,29,39,7,0,0,40,1,0,,,,100,,,Locked
181481305,116,SMG,★★★,Z-62,100,3263300,-,-,x5,,840,840,28,15,77,77,12,0,0,5,1,0,,,,100,,,Locked
181554642,20103,SMG,★★★★★,UMP45 Mod,115,10083300,-,-,x5,Mod2,970,970,29,14,76,83,12,0,0,5,1,1,,,,100,,,Locked
182272685,282,SG,★★★★★,DP-12,100,3263300,-,-,x1,,253,253,31,13,13,30,6,23,5,40,1,0,,,,100,,,Locked
182549825,20103,SMG,★★★★★,UMP45 Mod,115,10083300,-,-,x5,Mod2,970,970,29,14,76,83,12,0,0,5,1,1,,,,100,,,Locked
184136095,20103,SMG,★★★★★,UMP45 Mod,115,10083300,-,-,x5,Mod2,970,970,29,14,76,83,12,0,0,5,1,1,,,,100,,,Locked
184137246,20,SMG,★★★★★,Vector,100,3263300,-,-,x3,,555,555,30,11,71,101,12,0,0,5,1,0,,,,100,,,Locked
184195512,50,RF,★★★★★,Lee Enfield,100,3263300,-,-,x5,,400,400,135,78,40,36,7,0,0,40,1,0,,,,150,Oathed,2022-06-25 17:09,Locked
184195548,53,RF,★★★★★,NTW-20,100,3263300,-,-,x5,,465,465,165,75,29,30,7,0,0,40,1,0,,,,100,,,Locked
184195986,305,RF,★★★★,Tabuk,100,3263300,-,-,x5,,420,420,115,81,36,39,7,0,0,40,1,0,,,,100,,,Locked
184196128,348,RF,★★★★★,HS.50,100,3263300,-,-,x5,,440,440,159,84,29,33,7,0,0,40,10,0,,,,150,Oathed,2022-07-12 11:16,Locked
184196315,20103,SMG,★★★★★,UMP45 Mod,115,10083300,-,-,x5,Mod2,970,970,29,14,76,83,12,0,0,5,1,1,,,,100,,,Locked
184196366,304,SMG,★★★★,SAF,100,3263300,-,-,x5,,900,900,25,14,69,99,12,0,0,5,1,0,,,,100,,,Locked
184196794,20103,SMG,★★★★★,UMP45 Mod,115,10083300,-,-,x5,Mod2,970,970,29,14,76,83,12,0,0,5,1,1,,,,100,,,Locked
184196838,286,SMG,★★★★,K-PDW,100,3263300,-,-,x5,,900,900,33,14,71,81,12,0,0,5,1,0,,,,100,,,Locked
184196931,135,SMG,★★★★★,SR-3MP,100,3263300,-,-,x5,,970,970,31,12,67,90,12,0,0,5,1,0,,,,100,,,Locked
184197213,349,AR,★★★★,AK74M,100,3263300,-,-,x5,,550,550,51,57,45,73,10,0,0,20,1,0,,,,100,,,Locked
184198338,213,SMG,★★★★★,C-MS,100,3263300,-,-,x5,,925,925,32,15,75,87,12,0,0,5,1,0,,,,100,,,Locked
184198375,127,SMG,★★★★★,Type79,100,3263300,-,-,x5,,970,970,32,12,70,88,12,0,0,5,1,0,,,,100,,,Locked
184198751,104,SMG,★★★★★,Gr G36c,100,3263300,-,-,x5,,1015,1015,32,13,65,83,12,0,0,5,10,0,,,,150,Oathed,2022-06-25 17:51,Locked
184198942,330,AR,★★★★,FX-05,97,2953390,0,0,x1,,109,109,53,53,46,68,10,0,0,20,1,0,,,,100,,,Locked
184198994,127,SMG,★★★★★,Type79,100,3263300,-,-,x5,,970,970,32,12,70,88,12,0,0,5,1,0,,,,100,,,Locked
184199174,115,SMG,★★★★★,Suomi,100,3263300,-,-,x5,,1100,1100,28,15,56,93,12,0,0,5,1,0,,,,100,,,Locked
184199217,228,SMG,★★★★★,100 Shiki,100,3263300,-,-,x5,,1060,1060,29,14,67,76,12,0,0,5,1,0,,,,100,,,Locked
184200035,347,SMG,★★★★★,SR2,100,3263300,-,-,x5,,1040,1040,31,14,65,92,12,0,0,5,10,0,,,,150,Oathed,2022-09-15 18:55,Locked
184200080,212,HG,★★★★,K5,100,3263300,-,-,x5,,330,330,29,52,81,62,15,0,0,40,1,0,,,,100,,,Locked
184200313,303,HG,★★★★★,HP-35,100,3263300,-,-,x5,,380,380,31,64,89,58,15,0,0,20,1,0,,,,100,,,Locked
184200422,303,HG,★★★★★,HP-35,100,3263300,-,-,x5,,380,380,31,64,89,58,15,0,0,20,1,0,,,,100,,,Locked
184200617,346,HG,★★★★,CZ100,100,3263300,-,-,x5,,365,365,29,54,81,58,15,0,0,20,1,0,,,,100,,,Locked
184657090,20095,RF,★★★★,Type88 Mod,115,10083300,-,-,x5,Mod2,520,520,117,68,38,37,7,0,0,40,3,1,,,,150,Oathed,2022-08-27 09:31,Locked
184659713,128,RF,★★★★★,M99,100,3263300,-,-,x5,,440,440,157,81,32,32,7,0,0,40,1,0,,,,100,,,Locked
184829950,198,RF,★★★★★,Carcano M91/38,100,3263300,-,-,x5,,365,365,146,90,44,34,7,0,0,40,10,0,,,,150,Oathed,2022-06-25 16:00,Locked
185091360,109,MG,★★★★★,Gr MG5,100,3263300,-,-,x5,,990,990,85,27,27,120,4,0,11,5,1,0,,,,100,,,Locked
185171308,272,HG,★★★★★,Desert Eagle,100,3263300,-,-,x5,,365,365,41,57,66,55,15,0,0,40,1,0,,,,100,,,Locked
185309747,112,MG,★★★★★,Negev,100,3263300,-,-,x5,,870,870,84,35,36,139,4,0,9,5,1,0,,,,100,,,Locked
185436758,53,RF,★★★★★,NTW-20,100,3263300,-,-,x5,,465,465,165,75,29,30,7,0,0,40,1,0,,,,100,,,Locked
185599964,198,RF,★★★★★,Carcano M91/38,100,3263300,-,-,x5,,365,365,146,90,44,34,7,0,0,40,10,0,,,,150,Oathed,2022-07-11 23:05,Locked
185624410,311,SMG,★★★★★,Lusa,100,3263300,-,-,x5,,1025,1025,29,13,69,94,12,0,0,5,1,0,,,,100,,,Locked
185625621,254,MG,★★★★,UKM-2000,100,3263300,-,-,x5,,845,845,90,26,26,115,4,0,11,5,1,0,,,,100,,,Locked
185630270,254,MG,★★★★,UKM-2000,100,3263300,-,-,x5,,845,845,90,26,26,115,4,0,11,5,1,0,,,,100,,,Locked
186881617,20095,RF,★★★★,Type88 Mod,115,10083300,-,-,x5,Mod2,520,520,117,68,38,37,7,0,0,40,1,1,,,,150,Oathed,2022-09-15 18:28,Locked
187007347,148,RF,★★★★★,IWS 2000,100,3263300,-,-,x5,,440,440,162,78,29,32,7,0,0,40,1,0,,,,100,,,Locked
187432322,198,RF,★★★★★,Carcano M91/38,100,3263300,-,-,x5,,365,365,146,90,44,34,7,0,0,40,10,0,,,,150,Oathed,2022-08-12 08:02,Locked
187596580,20095,RF,★★★★,Type88 Mod,115,10083300,-,-,x5,Mod2,520,520,117,68,38,37,7,0,0,40,1,1,,,,150,Oathed,2022-09-15 18:29,Locked
187610832,334,RF,★★★★★,Model 99,100,3263300,-,-,x5,,485,485,127,84,38,35,7,0,0,40,1,0,,,,100,,,Locked
187611126,198,RF,★★★★★,Carcano M91/38,100,3263300,-,-,x5,,365,365,146,90,44,34,7,0,0,40,10,0,,,,150,Oathed,2022-08-12 08:03,Locked
187654663,332,HG,★★★★,Derringer,100,3263300,-,-,x5,,350,350,31,60,93,52,15,0,0,20,1,0,,,,100,,,Locked
187657365,253,MG,★★★★★,Lewis,100,3263300,-,-,x5,,950,950,102,31,31,116,4,0,10,5,1,0,,,,100,,,Locked
187715521,331,HG,★★★★★,Kolibri,100,3263300,-,-,x5,,330,330,15,59,128,58,15,0,0,20,10,0,,,,100,,,Locked
187715660,335,AR,★★★★,Fedorov Avtomat,100,3263300,-,-,x5,,550,550,58,58,47,59,10,0,0,20,1,0,,,,100,,,Locked
187752150,307,MG,★★★★★,ZB-26,100,3263300,-,-,x5,,910,910,100,30,31,116,4,0,9,5,1,0,,,,100,,,Locked
187827486,333,SMG,★★★★★,VP1915,100,3263300,-,-,x5,,1015,1015,25,12,66,91,12,0,0,5,1,0,,,,100,,,Locked
187917228,348,RF,★★★★★,HS.50,100,3263300,-,-,x5,,440,440,159,84,29,33,7,0,0,40,1,0,,,,150,Oathed,2022-08-12 08:04,Locked
189034974,355,SMG,★★★★,Vigneron M2,100,3263300,-,-,x5,,880,880,29,15,75,85,12,0,0,5,1,0,,,,100,,,Locked
189156408,66,AR,★★★★,Type56-1,100,3263300,-,-,x5,,690,690,53,35,35,69,10,0,0,20,1,0,,,,100,,,Locked
189156791,365,AR,★★★★★,SCR,100,3263300,-,-,x5,,550,550,51,55,53,79,10,0,0,20,10,0,,,,150,Oathed,2022-09-15 18:54,Locked
189157024,354,HG,★★★★,ZiP .22,100,3263300,-,-,x5,,330,330,31,40,85,63,15,0,0,20,10,0,,,,100,,,Locked
189348142,129,AR,★★★★★,Type95,100,3263300,-,-,x5,,580,580,55,52,46,71,10,0,0,20,1,0,,,,100,,,Locked
189348331,338,AR,★★★★★,SIG MCX,100,3263300,-,-,x1,,116,116,49,57,46,83,10,0,0,20,1,0,,,,100,,,Locked
189348539,312,RF,★★★★★,VSK-94,100,3263300,-,-,x5,,440,440,133,79,32,38,7,0,0,40,1,0,,,,100,,,Locked
189348648,20095,RF,★★★★,Type88 Mod,115,10083300,-,-,x5,Mod2,520,520,117,68,38,37,7,0,0,40,1,1,,,,150,Oathed,2022-09-15 18:30,Locked
189348792,20095,RF,★★★★,Type88 Mod,115,10083300,-,-,x5,Mod2,520,520,117,68,38,37,7,0,0,40,1,1,,,,150,Oathed,2022-09-15 18:31,Locked
189348964,348,RF,★★★★★,HS.50,100,3263300,-,-,x5,,440,440,159,84,29,33,7,0,0,40,1,0,,,,100,,,Locked
189501424,50,RF,★★★★★,Lee Enfield,100,3263300,-,-,x5,,400,400,135,78,40,36,7,0,0,40,1,0,,,,150,Oathed,2022-09-15 18:33,Locked
189634545,198,RF,★★★★★,Carcano M91/38,100,3263300,-,-,x5,,365,365,146,90,44,34,7,0,0,40,10,0,,,,150,Oathed,2022-09-15 18:35,Locked
191398356,356,AR,★★★★★,A-545,100,3263300,-,-,x5,,550,550,55,53,49,82,10,0,0,20,1,0,,,,100,,,Locked
191398567,101,SMG,★★★★,UMP9,100,3263300,-,-,x5,,880,880,26,14,76,87,12,0,0,5,1,0,,,,100,,,Locked
191398599,364,SMG,★★★★,MPK,90,2055075,79675,32925,x5,,880,880,28,12,69,75,12,0,0,5,7,0,,,,100,,,Locked
191398630,103,SMG,★★★★,UMP45,90,2055075,79675,32925,x5,,880,830,26,12,67,80,12,0,0,5,1,0,,,,100,,,Locked
191398675,304,SMG,★★★★,SAF,1,0,0,100,x1,,90,90,10,2,10,70,12,0,0,5,1,0,,,,88,,,Locked
191398775,363,SMG,★★★★,MPL,1,0,0,100,x1,,93,93,11,2,9,52,12,0,0,5,7,0,,,,88,,,Locked
191441854,64,AR,★★★★,Gr G36,1,0,0,100,x1,,64,64,18,6,6,50,10,0,0,20,1,0,,,,87,,,Locked
191441861,64,AR,★★★★,Gr G36,1,0,0,100,x1,,64,64,18,6,6,50,10,0,0,20,1,0,,,,87,,,Locked
191485179,316,RF,★★★★★,General Liu,1,0,0,100,x1,,40,40,47,10,4,26,7,0,0,40,1,0,,,,84,,,Locked
191487302,295,SMG,★★★★,CF-05,1,0,0,100,x1,,96,96,10,2,10,61,12,0,0,5,1,0,,,,82,,,Locked
191925682,71,AR,★★,Galil,1,0,0,0,x1,,53,53,17,5,5,43,10,0,0,20,1,0,,,,50,,,
191925716,40,RF,★★,SVT-38,1,0,0,0,x1,,42,42,43,8,5,24,7,0,0,40,1,0,,,,50,,,
191925789,110,MG,★★,FG42,1,0,0,0,x1,,75,75,32,4,5,83,4,0,8,5,1,0,,,,50,,,
191925957,51,RF,★★,FF FN49,1,0,0,0,x1,,47,47,41,8,4,22,7,0,0,40,1,0,,,,50,,,
191925985,25,SMG,★★,MP40,1,0,0,0,x1,,93,93,11,2,8,52,12,0,0,5,1,0,,,,50,,,
191925994,51,RF,★★,FF FN49,1,0,0,0,x1,,47,47,41,8,4,22,7,0,0,40,1,0,,,,50,,,
191926017,74,AR,★★,SIG-510,1,0,0,0,x1,,58,58,20,5,5,39,10,0,0,20,1,0,,,,50,,,
191926031,93,SMG,★★,IDW,1,0,0,0,x1,,75,75,9,2,10,49,12,0,0,5,1,0,,,,50,,,
191926050,5,HG,★★,M1895,1,0,0,0,x1,,35,35,11,6,11,29,15,0,0,20,1,0,,,,50,,,
191927009,71,AR,★★,Galil,1,0,0,0,x1,,53,53,17,5,5,43,10,0,0,20,1,0,,,,50,,,
191927018,87,MG,★★,MG34,1,0,0,0,x1,,83,83,32,3,4,83,4,0,10,5,1,0,,,,50,,,
191927038,139,HG,★★,Bren Ten,1,0,0,0,x1,,35,35,12,7,9,40,15,0,0,20,1,0,,,,50,,,
191927054,17,SMG,★★,M3,1,0,0,0,x1,,93,93,11,2,9,46,12,0,0,5,1,0,,,,50,,,
191927061,139,HG,★★,Bren Ten,1,0,0,0,x1,,35,35,12,7,9,40,15,0,0,20,1,0,,,,50,,,
191927104,17,SMG,★★,M3,1,0,0,0,x1,,93,93,11,2,9,46,12,0,0,5,1,0,,,,50,,,
191927110,94,SMG,★★,Type64,1,0,0,0,x1,,88,88,11,2,9,65,12,0,0,5,1,0,,,,50,,,
191927152,92,SMG,★★,Spectre M4,1,0,0,0,x1,,88,88,10,2,10,63,12,0,0,5,1,0,,,,50,,,
191927192,31,SMG,★★,M38,1,0,0,0,x1,,102,102,12,2,7,52,12,0,0,5,1,0,,,,50,,,
191927195,17,SMG,★★,M3,1,0,0,0,x1,,93,93,11,2,9,46,12,0,0,5,1,0,,,,50,,,
191927255,90,HG,★★,FF FNP9,1,0,0,0,x1,,30,30,11,7,11,42,15,0,0,20,1,0,,,,50,,,
191927274,139,HG,★★,Bren Ten,1,0,0,0,x1,,35,35,12,7,9,40,15,0,0,20,1,0,,,,50,,,
191927278,77,MG,★★★,M2HB,1,0,0,0,x1,,108,108,42,3,3,72,4,0,10,5,1,0,,,,50,,,
191927293,41,RF,★★,SKS,1,0,0,0,x1,,47,47,39,8,5,24,7,0,0,40,1,0,,,,50,,,
191927304,139,HG,★★,Bren Ten,1,0,0,0,x1,,35,35,12,7,9,40,15,0,0,20,1,0,,,,50,,,
191927324,139,HG,★★,Bren Ten,1,0,0,0,x1,,35,35,12,7,9,40,15,0,0,20,1,0,,,,50,,,
191927343,81,MG,★★,LWMMG,1,0,0,0,x1,,87,87,39,4,4,65,4,0,9,5,1,0,,,,50,,,
191927351,139,HG,★★,Bren Ten,1,0,0,0,x1,,35,35,12,7,9,40,15,0,0,20,1,0,,,,50,,,
191927357,63,AR,★★,Gr G3,1,0,0,0,x1,,55,55,20,6,5,41,10,0,0,20,1,0,,,,50,,,
191933420,82,MG,★★,DP28,1,0,0,0,x1,,71,71,31,4,4,76,4,0,9,5,1,0,,,,50,,,
191933456,10,HG,★★,PPK,1,0,0,0,x1,,29,29,9,7,12,42,15,0,0,20,1,0,,,,50,,,
191933466,21,SMG,★★,PPSh-41,1,0,0,0,x1,,97,97,10,2,8,65,12,0,0,5,1,0,,,,50,,,
191933468,141,HG,★★,Gr USPCompact,1,0,0,0,x1,,33,33,9,8,11,44,15,0,0,20,1,0,,,,50,,,
191934411,93,SMG,★★,IDW,1,0,0,0,x1,,75,75,9,2,10,49,12,0,0,5,1,0,,,,50,,,
191934423,31,SMG,★★,M38,1,0,0,0,x1,,102,102,12,2,7,52,12,0,0,5,1,0,,,,50,,,
